Workbook

Sheet New
A1: THUMB | B1: NEW | C1: NOME | D1: DOODSTREAM | E1: LULUSTREAM | G1: DOOD | H1: NOME | I1: SITE | J1: TITLE | K1: ID | L1: # | M1: POST | O1: Images | P1: Source
A2: Abbie Sykes - 99599676 - ripnsfw.com.jpg | B2: {New} | C2: =LEFT(A2,FIND("-",A2)-1) -> Abbie Sykes | D2: https://doodstream.com/d/iwq3xu4r8tsg/ | E2: https://lulustream.com/d/tkl7lny2e6ta | F2: =IFERROR(__xludf.DUMMYFUNCTION("""https://streamtape.com/v/""& REGEXEXTRACT(O2,""/thumb/([^/]+)/"")& ""/""&K2"),"https://streamtape.com/v/yPdwROL8ZwH3Qa/99599676") -> https://streamtape.com/v/yPdwROL8ZwH3Qa/99599676 | G2: =_xludf.CONCAT(D2,K2) -> #NAME? | H2: =IFERROR(__xludf.DUMMYFUNCTION("IFERROR(SUBSTITUTE(SUBSTITUTE(REGEXEXTRACT(A2, ""[^-]+- [^-]+- [^-]+ - (.+?)\.jpg""), "".jpg"", """"), ""-"", "", ""), """")"),"") | J2: =IF(B2="{New}", "(" & YEAR(TODAY()) & ")", "") -> (2026) | K2: =MID(A2,FIND("-",A2)+2,8) -> 99599676 | L2: #Hardcore, #Threesome, #Bigass, #Teen, #Blowjob, #Amateur, #Blonde, #Facial | M2: =IFERROR(__xludf.DUMMYFUNCTION("TRIM( REGEXREPLACE( TEXTJOIN("" "", TRUE, B2, C2, embaralharLinks(E2,F2,G2), H2, """", J2, N2, ""#RIPNSFW"" ), "",\s*"", "" "") )"),"{New} Abbie Sykes https://lulustream.com/d/tkl7lny2e6ta https://streamtape.com/v/yPdwROL8ZwH3Qa/99599676 https://doodstream.com/d/iwq3xu4r8tsg/99599676 (2026) #Hardcore #Threesome #Bigass #Teen #RIPNSFW") -> {New} Abbie Sykes https://lulustream.com/d/tkl7lny2e6ta https://streamtape.com/v/yPdwROL8ZwH3Qa/99599676 https://doodstream.com/d/iwq3xu4r8tsg/99599676 (2026) #Hardcore #Threesome #Bigass #Teen #RIPNSFW | N2: #Hardcore #Threesome #Bigass #Teen | O2: https://thumb.tapecontent.net/thumb/yPdwROL8ZwH3Qa/LaR0Vrr7jzsRqPA.jpg
A3: Abigaiil Morris - 33943707 - ripnsfw.com.jpg | B3: {New} | C3: =LEFT(A3,FIND("-",A3)-1) -> Abigaiil Morris | D3: https://doodstream.com/d/s5upwfgb0e1n/ | E3: https://lulustream.com/d/hodrrnuyu917 | F3: =IFERROR(__xludf.DUMMYFUNCTION("""https://streamtape.com/v/""& REGEXEXTRACT(O3,""/thumb/([^/]+)/"")& ""/""&K3"),"https://streamtape.com/v/BJ3Gj7o3lkcyZb6/33943707") -> https://streamtape.com/v/BJ3Gj7o3lkcyZb6/33943707 | G3: =_xludf.CONCAT(D3,K3) -> #NAME? | H3: =IFERROR(__xludf.DUMMYFUNCTION("IFERROR(SUBSTITUTE(SUBSTITUTE(REGEXEXTRACT(A3, ""[^-]+- [^-]+- [^-]+ - (.+?)\.jpg""), "".jpg"", """"), ""-"", "", ""), """")"),"") | J3: =IF(B3="{New}", "(" & YEAR(TODAY()) & ")", "") -> (2026) | K3: =MID(A3,FIND("-",A3)+2,8) -> 33943707 | L3: #BigTits, #Creampie, #Hardcore, #Bigass, #Teen, #Blowjob, #Amateur | M3: =IFERROR(__xludf.DUMMYFUNCTION("TRIM( REGEXREPLACE( TEXTJOIN("" "", TRUE, B3, C3, embaralharLinks(E3,F3,G3), H3, """", J3, N3, ""#RIPNSFW"" ), "",\s*"", "" "") )"),"{New} Abigaiil Morris https://doodstream.com/d/s5upwfgb0e1n/33943707 https://lulustream.com/d/hodrrnuyu917 https://streamtape.com/v/BJ3Gj7o3lkcyZb6/33943707 (2026) #BigTits #Creampie #Hardcore #Bigass #Teen #Blowjob #RIPNSFW") -> {New} Abigaiil Morris https://doodstream.com/d/s5upwfgb0e1n/33943707 https://lulustream.com/d/hodrrnuyu917 https://streamtape.com/v/BJ3Gj7o3lkcyZb6/33943707 (2026) #BigTits #Creampie #Hardcore #Bigass #Teen #Blowjob #RIPNSFW | N3: #BigTits #Creampie #Hardcore #Bigass #Teen #Blowjob | O3: https://thumb.tapecontent.net/thumb/BJ3Gj7o3lkcyZb6/69oK4xX1LvF9wq3.jpg
A4: Abigaiil Morris - 91692587 - ripnsfw.com.jpg | B4: {New} | C4: =LEFT(A4,FIND("-",A4)-1) -> Abigaiil Morris | D4: https://doodstream.com/d/b3z64gcsi3ef/ | E4: https://lulustream.com/d/blm3qsuunjcw | F4: =IFERROR(__xludf.DUMMYFUNCTION("""https://streamtape.com/v/""& REGEXEXTRACT(O4,""/thumb/([^/]+)/"")& ""/""&K4"),"https://streamtape.com/v/vxMBoKwORPCJpO/91692587") -> https://streamtape.com/v/vxMBoKwORPCJpO/91692587 | G4: =_xludf.CONCAT(D4,K4) -> #NAME? | H4: =IFERROR(__xludf.DUMMYFUNCTION("IFERROR(SUBSTITUTE(SUBSTITUTE(REGEXEXTRACT(A4, ""[^-]+- [^-]+- [^-]+ - (.+?)\.jpg""), "".jpg"", """"), ""-"", "", ""), """")"),"") | J4: =IF(B4="{New}", "(" & YEAR(TODAY()) & ")", "") -> (2026) | K4: =MID(A4,FIND("-",A4)+2,8) -> 91692587 | L4: #BigTits, #Black, #Interracial, #Bigass, #Teen, #Blowjob, #Amateur, #Deepthroat, #Facial | M4: =IFERROR(__xludf.DUMMYFUNCTION("TRIM( REGEXREPLACE( TEXTJOIN("" "", TRUE, B4, C4, embaralharLinks(E4,F4,G4), H4, """", J4, N4, ""#RIPNSFW"" ), "",\s*"", "" "") )"),"{New} Abigaiil Morris https://streamtape.com/v/vxMBoKwORPCJpO/91692587 https://lulustream.com/d/blm3qsuunjcw https://doodstream.com/d/b3z64gcsi3ef/91692587 (2026) #BigTits #Black #Interracial #Bigass #Teen #Blowjob #RIPNSFW") -> {New} Abigaiil Morris https://streamtape.com/v/vxMBoKwORPCJpO/91692587 https://lulustream.com/d/blm3qsuunjcw https://doodstream.com/d/b3z64gcsi3ef/91692587 (2026) #BigTits #Black #Interracial #Bigass #Teen #Blowjob #RIPNSFW | N4: #BigTits #Black #Interracial #Bigass #Teen #Blowjob | O4: https://thumb.tapecontent.net/thumb/vxMBoKwORPCJpO/2BRjoBbq3xFZgVp.jpg
A5: Addison Vodka - 47359261 - Onlyfans.jpg | B5: {New} | C5: =LEFT(A5,FIND("-",A5)-1) -> Addison Vodka | D5: https://doodstream.com/d/4a8gvzx3zlsj/ | E5: https://lulustream.com/d/kxhttf9kyu59 | F5: =IFERROR(__xludf.DUMMYFUNCTION("""https://streamtape.com/v/""& REGEXEXTRACT(O5,""/thumb/([^/]+)/"")& ""/""&K5"),"https://streamtape.com/v/BqxkdYRDDbsyz2o/47359261") -> https://streamtape.com/v/BqxkdYRDDbsyz2o/47359261 | G5: =_xludf.CONCAT(D5,K5) -> #NAME? | H5: =IFERROR(__xludf.DUMMYFUNCTION("IFERROR(SUBSTITUTE(SUBSTITUTE(REGEXEXTRACT(A5, ""[^-]+- [^-]+- [^-]+ - (.+?)\.jpg""), "".jpg"", """"), ""-"", "", ""), """")"),"") | J5: =IF(B5="{New}", "(" & YEAR(TODAY()) & ")", "") -> (2026) | K5: =MID(A5,FIND("-",A5)+2,8) -> 47359261 | L5: #Hardcore, #Piss, #Teen, #Blowjob | M5: =IFERROR(__xludf.DUMMYFUNCTION("TRIM( REGEXREPLACE( TEXTJOIN("" "", TRUE, B5, C5, embaralharLinks(E5,F5,G5), H5, """", J5, N5, ""#RIPNSFW"" ), "",\s*"", "" "") )"),"{New} Addison Vodka https://streamtape.com/v/BqxkdYRDDbsyz2o/47359261 https://lulustream.com/d/kxhttf9kyu59 https://doodstream.com/d/4a8gvzx3zlsj/47359261 (2026) #Hardcore #Piss #Teen #Blowjob #RIPNSFW") -> {New} Addison Vodka https://streamtape.com/v/BqxkdYRDDbsyz2o/47359261 https://lulustream.com/d/kxhttf9kyu59 https://doodstream.com/d/4a8gvzx3zlsj/47359261 (2026) #Hardcore #Piss #Teen #Blowjob #RIPNSFW | N5: #Hardcore #Piss #Teen #Blowjob | O5: https://thumb.tapecontent.net/thumb/BqxkdYRDDbsyz2o/j6LxxemxeMSzZpJ.jpg
A6: Adriana Chechik - 30957968 - ripnsfw.com.jpg | B6: {New} | C6: =LEFT(A6,FIND("-",A6)-1) -> Adriana Chechik | D6: https://doodstream.com/d/iw4qvl4tyiu4/ | E6: https://lulustream.com/d/qplmyjy6230d | F6: =IFERROR(__xludf.DUMMYFUNCTION("""https://streamtape.com/v/""& REGEXEXTRACT(O6,""/thumb/([^/]+)/"")& ""/""&K6"),"https://streamtape.com/v/ZDyaom2V3mUqb6B/30957968") -> https://streamtape.com/v/ZDyaom2V3mUqb6B/30957968 | G6: =_xludf.CONCAT(D6,K6) -> #NAME? | H6: =IFERROR(__xludf.DUMMYFUNCTION("IFERROR(SUBSTITUTE(SUBSTITUTE(REGEXEXTRACT(A6, ""[^-]+- [^-]+- [^-]+ - (.+?)\.jpg""), "".jpg"", """"), ""-"", "", ""), """")"),"") | J6: =IF(B6="{New}", "(" & YEAR(TODAY()) & ")", "") -> (2026) | K6: =MID(A6,FIND("-",A6)+2,8) -> 30957968 | L6: #MILF, #Hardcore, #Porn, #Teen, #Blowjob, #Deepthroat, #Facial | M6: =IFERROR(__xludf.DUMMYFUNCTION("TRIM( REGEXREPLACE( TEXTJOIN("" "", TRUE, B6, C6, embaralharLinks(E6,F6,G6), H6, """", J6, N6, ""#RIPNSFW"" ), "",\s*"", "" "") )"),"{New} Adriana Chechik https://streamtape.com/v/ZDyaom2V3mUqb6B/30957968 https://doodstream.com/d/iw4qvl4tyiu4/30957968 https://lulustream.com/d/qplmyjy6230d (2026) #MILF #Hardcore #Porn #Teen #Blowjob #Deepthroat #RIPNSFW") -> {New} Adriana Chechik https://streamtape.com/v/ZDyaom2V3mUqb6B/30957968 https://doodstream.com/d/iw4qvl4tyiu4/30957968 https://lulustream.com/d/qplmyjy6230d (2026) #MILF #Hardcore #Porn #Teen #Blowjob #Deepthroat #RIPNSFW | N6: #MILF #Hardcore #Porn #Teen #Blowjob #Deepthroat | O6: https://thumb.tapecontent.net/thumb/ZDyaom2V3mUqb6B/KG0MmJW2wBIaZJ.jpg
A7: Adriana Chechik - 34528255 - Onlyfans - Kimmy Granger.jpg | B7: {New} | C7: =LEFT(A7,FIND("-",A7)-1) -> Adriana Chechik | D7: https://doodstream.com/d/oynafg1m456b/ | E7: https://lulustream.com/d/m4q76vm6vdz8 | F7: =IFERROR(__xludf.DUMMYFUNCTION("""https://streamtape.com/v/""& REGEXEXTRACT(O7,""/thumb/([^/]+)/"")& ""/""&K7"),"https://streamtape.com/v/4XpOdzjQ9DUKRDX/34528255") -> https://streamtape.com/v/4XpOdzjQ9DUKRDX/34528255 | G7: =_xludf.CONCAT(D7,K7) -> #NAME? | H7: =IFERROR(__xludf.DUMMYFUNCTION("IFERROR(SUBSTITUTE(SUBSTITUTE(REGEXEXTRACT(A7, ""[^-]+- [^-]+- [^-]+ - (.+?)\.jpg""), "".jpg"", """"), ""-"", "", ""), """")"),"Kimmy Granger") -> Kimmy Granger | J7: =IF(B7="{New}", "(" & YEAR(TODAY()) & ")", "") -> (2026) | K7: =MID(A7,FIND("-",A7)+2,8) -> 34528255 | L7: #MILF, #BigTits, #Hardcore, #Threesome | M7: =IFERROR(__xludf.DUMMYFUNCTION("TRIM( REGEXREPLACE( TEXTJOIN("" "", TRUE, B7, C7, embaralharLinks(E7,F7,G7), H7, """", J7, N7, ""#RIPNSFW"" ), "",\s*"", "" "") )"),"{New} Adriana Chechik https://streamtape.com/v/4XpOdzjQ9DUKRDX/34528255 https://lulustream.com/d/m4q76vm6vdz8 https://doodstream.com/d/oynafg1m456b/34528255 Kimmy Granger (2026) #MILF #BigTits #Hardcore #Threesome #RIPNSFW") -> {New} Adriana Chechik https://streamtape.com/v/4XpOdzjQ9DUKRDX/34528255 https://lulustream.com/d/m4q76vm6vdz8 https://doodstream.com/d/oynafg1m456b/34528255 Kimmy Granger (2026) #MILF #BigTits #Hardcore #Threesome #RIPNSFW | N7: #MILF #BigTits #Hardcore #Threesome | O7: https://thumb.tapecontent.net/thumb/4XpOdzjQ9DUKRDX/96VmPDbdL6HOQm.jpg
A8: Adriana Chechik - 51420656 - Onlyfans.jpg | B8: {New} | C8: =LEFT(A8,FIND("-",A8)-1) -> Adriana Chechik | D8: https://doodstream.com/d/grn1adoy03ts/ | E8: https://lulustream.com/d/ru8de3p9o4cs | F8: =IFERROR(__xludf.DUMMYFUNCTION("""https://streamtape.com/v/""& REGEXEXTRACT(O8,""/thumb/([^/]+)/"")& ""/""&K8"),"https://streamtape.com/v/ykK684mJqei1Akw/51420656") -> https://streamtape.com/v/ykK684mJqei1Akw/51420656 | G8: =_xludf.CONCAT(D8,K8) -> #NAME? | H8: =IFERROR(__xludf.DUMMYFUNCTION("IFERROR(SUBSTITUTE(SUBSTITUTE(REGEXEXTRACT(A8, ""[^-]+- [^-]+- [^-]+ - (.+?)\.jpg""), "".jpg"", """"), ""-"", "", ""), """")"),"") | J8: =IF(B8="{New}", "(" & YEAR(TODAY()) & ")", "") -> (2026) | K8: =MID(A8,FIND("-",A8)+2,8) -> 51420656 | L8: #MILF, #Blowjob, #Amateur, #Hotwife | M8: =IFERROR(__xludf.DUMMYFUNCTION("TRIM( REGEXREPLACE( TEXTJOIN("" "", TRUE, B8, C8, embaralharLinks(E8,F8,G8), H8, """", J8, N8, ""#RIPNSFW"" ), "",\s*"", "" "") )"),"{New} Adriana Chechik https://lulustream.com/d/ru8de3p9o4cs https://streamtape.com/v/ykK684mJqei1Akw/51420656 https://doodstream.com/d/grn1adoy03ts/51420656 (2026) #MILF #Blowjob #Amateur #Hotwife #RIPNSFW") -> {New} Adriana Chechik https://lulustream.com/d/ru8de3p9o4cs https://streamtape.com/v/ykK684mJqei1Akw/51420656 https://doodstream.com/d/grn1adoy03ts/51420656 (2026) #MILF #Blowjob #Amateur #Hotwife #RIPNSFW | N8: #MILF #Blowjob #Amateur #Hotwife | O8: https://thumb.tapecontent.net/thumb/ykK684mJqei1Akw/7KVQkKK7d7UAq09.jpg
A9: Adriana Chechik - 59972113 - Tushy.jpg | B9: {New} | C9: =LEFT(A9,FIND("-",A9)-1) -> Adriana Chechik | D9: https://doodstream.com/d/asxvhhf5pzc0/ | E9: https://lulustream.com/d/yddqas6660uo | F9: =IFERROR(__xludf.DUMMYFUNCTION("""https://streamtape.com/v/""& REGEXEXTRACT(O9,""/thumb/([^/]+)/"")& ""/""&K9"),"https://streamtape.com/v/pgbZd2DxRBsryWr/59972113") -> https://streamtape.com/v/pgbZd2DxRBsryWr/59972113 | G9: =_xludf.CONCAT(D9,K9) -> #NAME? | H9: =IFERROR(__xludf.DUMMYFUNCTION("IFERROR(SUBSTITUTE(SUBSTITUTE(REGEXEXTRACT(A9, ""[^-]+- [^-]+- [^-]+ - (.+?)\.jpg""), "".jpg"", """"), ""-"", "", ""), """")"),"") | J9: =IF(B9="{New}", "(" & YEAR(TODAY()) & ")", "") -> (2026) | K9: =MID(A9,FIND("-",A9)+2,8) -> 59972113 | L9: #Anal, #MILF, #Hardcore, #Porn, #Blowjob, #Hotwife, #Deepthroat, #Facial | M9: =IFERROR(__xludf.DUMMYFUNCTION("TRIM( REGEXREPLACE( TEXTJOIN("" "", TRUE, B9, C9, embaralharLinks(E9,F9,G9), H9, """", J9, N9, ""#RIPNSFW"" ), "",\s*"", "" "") )"),"{New} Adriana Chechik https://doodstream.com/d/asxvhhf5pzc0/59972113 https://streamtape.com/v/pgbZd2DxRBsryWr/59972113 https://lulustream.com/d/yddqas6660uo (2026) #Anal #MILF #Hardcore #Porn #Blowjob #RIPNSFW") -> {New} Adriana Chechik https://doodstream.com/d/asxvhhf5pzc0/59972113 https://streamtape.com/v/pgbZd2DxRBsryWr/59972113 https://lulustream.com/d/yddqas6660uo (2026) #Anal #MILF #Hardcore #Porn #Blowjob #RIPNSFW | N9: #Anal #MILF #Hardcore #Porn #Blowjob | O9: https://thumb.tapecontent.net/thumb/pgbZd2DxRBsryWr/dQgqZOVw2rhkk0Q.jpg
A10: Adriana Chechik - 60434496 - ripnsfw.com - Lena the plug.jpg | B10: {New} | C10: =LEFT(A10,FIND("-",A10)-1) -> Adriana Chechik | D10: https://doodstream.com/d/6nkhfsi7h1rn/ | E10: https://lulustream.com/d/10eqg0h4m2mj | F10: =IFERROR(__xludf.DUMMYFUNCTION("""https://streamtape.com/v/""& REGEXEXTRACT(O10,""/thumb/([^/]+)/"")& ""/""&K10"),"https://streamtape.com/v/pY1k88evJpSWml/60434496") -> https://streamtape.com/v/pY1k88evJpSWml/60434496 | G10: =_xludf.CONCAT(D10,K10) -> #NAME? | H10: =IFERROR(__xludf.DUMMYFUNCTION("IFERROR(SUBSTITUTE(SUBSTITUTE(REGEXEXTRACT(A10, ""[^-]+- [^-]+- [^-]+ - (.+?)\.jpg""), "".jpg"", """"), ""-"", "", ""), """")"),"Lena the plug") -> Lena the plug | J10: =IF(B10="{New}", "(" & YEAR(TODAY()) & ")", "") -> (2026) | K10: =MID(A10,FIND("-",A10)+2,8) -> 60434496 | L10: #MILF, #BigTits, #Hardcore, #Threesome, #Bigass, #Blowjob, #Amateur, #Facial | M10: =IFERROR(__xludf.DUMMYFUNCTION("TRIM( REGEXREPLACE( TEXTJOIN("" "", TRUE, B10, C10, embaralharLinks(E10,F10,G10), H10, """", J10, N10, ""#RIPNSFW"" ), "",\s*"", "" "") )"),"{New} Adriana Chechik https://doodstream.com/d/6nkhfsi7h1rn/60434496 https://lulustream.com/d/10eqg0h4m2mj https://streamtape.com/v/pY1k88evJpSWml/60434496 Lena the plug (2026) #MILF #BigTits #Hardcore #Threesome #Bigass #Blowjob #Amateur #Facial #RIPNSFW") -> {New} Adriana Chechik https://doodstream.com/d/6nkhfsi7h1rn/60434496 https://lulustream.com/d/10eqg0h4m2mj https://streamtape.com/v/pY1k88evJpSWml/60434496 Lena the plug (2026) #MILF #BigTits #Hardcore #Threesome #Bigass #Blowjob #Amateur #Facial #RIPNSFW | N10: #MILF #BigTits #Hardcore #Threesome #Bigass #Blowjob #Amateur #Facial | O10: https://thumb.tapecontent.net/thumb/pY1k88evJpSWml/agQWmyXolkFx1g2.jpg
A11: Adriana Chechik - 69701197 - Onlyfans.jpg | B11: {New} | C11: =LEFT(A11,FIND("-",A11)-1) -> Adriana Chechik | D11: https://doodstream.com/d/z5rv7rlp8qpb/ | E11: https://lulustream.com/d/fsgom1xzeb29 | F11: =IFERROR(__xludf.DUMMYFUNCTION("""https://streamtape.com/v/""& REGEXEXTRACT(O11,""/thumb/([^/]+)/"")& ""/""&K11"),"https://streamtape.com/v/Qe7Rr1aepztrOa/69701197") -> https://streamtape.com/v/Qe7Rr1aepztrOa/69701197 | G11: =_xludf.CONCAT(D11,K11) -> #NAME? | H11: =IFERROR(__xludf.DUMMYFUNCTION("IFERROR(SUBSTITUTE(SUBSTITUTE(REGEXEXTRACT(A11, ""[^-]+- [^-]+- [^-]+ - (.+?)\.jpg""), "".jpg"", """"), ""-"", "", ""), """")"),"") | J11: =IF(B11="{New}", "(" & YEAR(TODAY()) & ")", "") -> (2026) | K11: =MID(A11,FIND("-",A11)+2,8) -> 69701197 | L11: #Anal, #MILF, #BigTits, #Hardcore | M11: =IFERROR(__xludf.DUMMYFUNCTION("TRIM( REGEXREPLACE( TEXTJOIN("" "", TRUE, B11, C11, embaralharLinks(E11,F11,G11), H11, """", J11, N11, ""#RIPNSFW"" ), "",\s*"", "" "") )"),"{New} Adriana Chechik https://doodstream.com/d/z5rv7rlp8qpb/69701197 https://streamtape.com/v/Qe7Rr1aepztrOa/69701197 https://lulustream.com/d/fsgom1xzeb29 (2026) #Anal #MILF #BigTits #Hardcore #RIPNSFW") -> {New} Adriana Chechik https://doodstream.com/d/z5rv7rlp8qpb/69701197 https://streamtape.com/v/Qe7Rr1aepztrOa/69701197 https://lulustream.com/d/fsgom1xzeb29 (2026) #Anal #MILF #BigTits #Hardcore #RIPNSFW | N11: #Anal #MILF #BigTits #Hardcore | O11: https://thumb.tapecontent.net/thumb/Qe7Rr1aepztrOa/GwKkDa7RBDUYmW.jpg
A12: Adriana Chechik - 78872640 - Onlyfans.jpg | B12: {New} | C12: =LEFT(A12,FIND("-",A12)-1) -> Adriana Chechik | D12: https://doodstream.com/d/4890kzdzvprn/ | E12: https://lulustream.com/d/p5yx1cweyqbf | F12: =IFERROR(__xludf.DUMMYFUNCTION("""https://streamtape.com/v/""& REGEXEXTRACT(O12,""/thumb/([^/]+)/"")& ""/""&K12"),"https://streamtape.com/v/6XqxDbemVJiv1o/78872640") -> https://streamtape.com/v/6XqxDbemVJiv1o/78872640 | G12: =_xludf.CONCAT(D12,K12) -> #NAME? | H12: =IFERROR(__xludf.DUMMYFUNCTION("IFERROR(SUBSTITUTE(SUBSTITUTE(REGEXEXTRACT(A12, ""[^-]+- [^-]+- [^-]+ - (.+?)\.jpg""), "".jpg"", """"), ""-"", "", ""), """")"),"") | J12: =IF(B12="{New}", "(" & YEAR(TODAY()) & ")", "") -> (2026) | K12: =MID(A12,FIND("-",A12)+2,8) -> 78872640 | L12: #Anal, #MILF, #BigTits, #Hardcore | M12: =IFERROR(__xludf.DUMMYFUNCTION("TRIM( REGEXREPLACE( TEXTJOIN("" "", TRUE, B12, C12, embaralharLinks(E12,F12,G12), H12, """", J12, N12, ""#RIPNSFW"" ), "",\s*"", "" "") )"),"{New} Adriana Chechik https://lulustream.com/d/p5yx1cweyqbf https://doodstream.com/d/4890kzdzvprn/78872640 https://streamtape.com/v/6XqxDbemVJiv1o/78872640 (2026) #Anal #MILF #BigTits #Hardcore #RIPNSFW") -> {New} Adriana Chechik https://lulustream.com/d/p5yx1cweyqbf https://doodstream.com/d/4890kzdzvprn/78872640 https://streamtape.com/v/6XqxDbemVJiv1o/78872640 (2026) #Anal #MILF #BigTits #Hardcore #RIPNSFW | N12: #Anal #MILF #BigTits #Hardcore | O12: https://thumb.tapecontent.net/thumb/6XqxDbemVJiv1o/reoqlexm7jhMV4.jpg
A13: Alanna Pow - 15841633 - Onlyfans.jpg | B13: {New} | C13: =LEFT(A13,FIND("-",A13)-1) -> Alanna Pow | D13: https://doodstream.com/d/ccfg6h6q5f0r/ | E13: https://lulustream.com/d/2qov6vidlykk | F13: =IFERROR(__xludf.DUMMYFUNCTION("""https://streamtape.com/v/""& REGEXEXTRACT(O13,""/thumb/([^/]+)/"")& ""/""&K13"),"https://streamtape.com/v/Xya4vBeZkmUXy1/15841633") -> https://streamtape.com/v/Xya4vBeZkmUXy1/15841633 | G13: =_xludf.CONCAT(D13,K13) -> #NAME? | H13: =IFERROR(__xludf.DUMMYFUNCTION("IFERROR(SUBSTITUTE(SUBSTITUTE(REGEXEXTRACT(A13, ""[^-]+- [^-]+- [^-]+ - (.+?)\.jpg""), "".jpg"", """"), ""-"", "", ""), """")"),"") | J13: =IF(B13="{New}", "(" & YEAR(TODAY()) & ")", "") -> (2026) | K13: =MID(A13,FIND("-",A13)+2,8) -> 15841633 | L13: #BigTits, #Bigass, #Teen, #Blowjob | M13: =IFERROR(__xludf.DUMMYFUNCTION("TRIM( REGEXREPLACE( TEXTJOIN("" "", TRUE, B13, C13, embaralharLinks(E13,F13,G13), H13, """", J13, N13, ""#RIPNSFW"" ), "",\s*"", "" "") )"),"{New} Alanna Pow https://streamtape.com/v/Xya4vBeZkmUXy1/15841633 https://doodstream.com/d/ccfg6h6q5f0r/15841633 https://lulustream.com/d/2qov6vidlykk (2026) #BigTits #Bigass #Teen #Blowjob #RIPNSFW") -> {New} Alanna Pow https://streamtape.com/v/Xya4vBeZkmUXy1/15841633 https://doodstream.com/d/ccfg6h6q5f0r/15841633 https://lulustream.com/d/2qov6vidlykk (2026) #BigTits #Bigass #Teen #Blowjob #RIPNSFW | N13: #BigTits #Bigass #Teen #Blowjob | O13: https://thumb.tapecontent.net/thumb/Xya4vBeZkmUXy1/6bwPYBJApQf918g.jpg
A14: Alanna Pow - 17406382 - ripnsfw.com.jpg | B14: {New} | C14: =LEFT(A14,FIND("-",A14)-1) -> Alanna Pow | D14: https://doodstream.com/d/rp7w5wlhyopr/ | E14: https://lulustream.com/d/34biz1fgg2q9 | F14: =IFERROR(__xludf.DUMMYFUNCTION("""https://streamtape.com/v/""& REGEXEXTRACT(O14,""/thumb/([^/]+)/"")& ""/""&K14"),"https://streamtape.com/v/GXeoyO3391C9lP/17406382") -> https://streamtape.com/v/GXeoyO3391C9lP/17406382 | G14: =_xludf.CONCAT(D14,K14) -> #NAME? | H14: =IFERROR(__xludf.DUMMYFUNCTION("IFERROR(SUBSTITUTE(SUBSTITUTE(REGEXEXTRACT(A14, ""[^-]+- [^-]+- [^-]+ - (.+?)\.jpg""), "".jpg"", """"), ""-"", "", ""), """")"),"") | J14: =IF(B14="{New}", "(" & YEAR(TODAY()) & ")", "") -> (2026) | K14: =MID(A14,FIND("-",A14)+2,8) -> 17406382 | L14: #BigTits, #Creampie, #Hardcore, #Bigass, #Teen, #Blowjob, #Amateur, #Deepthroat, #Blonde, #Facial | M14: =IFERROR(__xludf.DUMMYFUNCTION("TRIM( REGEXREPLACE( TEXTJOIN("" "", TRUE, B14, C14, embaralharLinks(E14,F14,G14), H14, """", J14, N14, ""#RIPNSFW"" ), "",\s*"", "" "") )"),"{New} Alanna Pow https://doodstream.com/d/rp7w5wlhyopr/17406382 https://lulustream.com/d/34biz1fgg2q9 https://streamtape.com/v/GXeoyO3391C9lP/17406382 (2026) #BigTits #Creampie #Hardcore #Bigass #Teen #RIPNSFW") -> {New} Alanna Pow https://doodstream.com/d/rp7w5wlhyopr/17406382 https://lulustream.com/d/34biz1fgg2q9 https://streamtape.com/v/GXeoyO3391C9lP/17406382 (2026) #BigTits #Creampie #Hardcore #Bigass #Teen #RIPNSFW | N14: #BigTits #Creampie #Hardcore #Bigass #Teen | O14: https://thumb.tapecontent.net/thumb/GXeoyO3391C9lP/1WgdG8GLJ4se21k.jpg
A15: Alanna Pow - 17563322 - Onlyfans.jpg | B15: {New} | C15: =LEFT(A15,FIND("-",A15)-1) -> Alanna Pow | D15: https://doodstream.com/d/rfcpsjxxrvei/ | E15: https://lulustream.com/d/jgnj29xlndop | F15: =IFERROR(__xludf.DUMMYFUNCTION("""https://streamtape.com/v/""& REGEXEXTRACT(O15,""/thumb/([^/]+)/"")& ""/""&K15"),"https://streamtape.com/v/0dWRBVbB2JFbxa3/17563322") -> https://streamtape.com/v/0dWRBVbB2JFbxa3/17563322 | G15: =_xludf.CONCAT(D15,K15) -> #NAME? | H15: =IFERROR(__xludf.DUMMYFUNCTION("IFERROR(SUBSTITUTE(SUBSTITUTE(REGEXEXTRACT(A15, ""[^-]+- [^-]+- [^-]+ - (.+?)\.jpg""), "".jpg"", """"), ""-"", "", ""), """")"),"") | J15: =IF(B15="{New}", "(" & YEAR(TODAY()) & ")", "") -> (2026) | K15: =MID(A15,FIND("-",A15)+2,8) -> 17563322 | L15: #BigTits, #Bigass, #Teen, #Blowjob | M15: =IFERROR(__xludf.DUMMYFUNCTION("TRIM( REGEXREPLACE( TEXTJOIN("" "", TRUE, B15, C15, embaralharLinks(E15,F15,G15), H15, """", J15, N15, ""#RIPNSFW"" ), "",\s*"", "" "") )"),"{New} Alanna Pow https://lulustream.com/d/jgnj29xlndop https://doodstream.com/d/rfcpsjxxrvei/17563322 https://streamtape.com/v/0dWRBVbB2JFbxa3/17563322 (2026) #BigTits #Bigass #Teen #Blowjob #RIPNSFW") -> {New} Alanna Pow https://lulustream.com/d/jgnj29xlndop https://doodstream.com/d/rfcpsjxxrvei/17563322 https://streamtape.com/v/0dWRBVbB2JFbxa3/17563322 (2026) #BigTits #Bigass #Teen #Blowjob #RIPNSFW | N15: #BigTits #Bigass #Teen #Blowjob | O15: https://thumb.tapecontent.net/thumb/0dWRBVbB2JFbxa3/AkBRyDODRXcXqQ1.jpg
A16: Alanna Pow - 18308184 - Onlyfans.jpg | B16: {New} | C16: =LEFT(A16,FIND("-",A16)-1) -> Alanna Pow | D16: https://doodstream.com/d/s14c1x3qpqjj/ | E16: https://lulustream.com/d/6k39hcuucj6f | F16: =IFERROR(__xludf.DUMMYFUNCTION("""https://streamtape.com/v/""& REGEXEXTRACT(O16,""/thumb/([^/]+)/"")& ""/""&K16"),"https://streamtape.com/v/GbZdrYRVbYH17zq/18308184") -> https://streamtape.com/v/GbZdrYRVbYH17zq/18308184 | G16: =_xludf.CONCAT(D16,K16) -> #NAME? | H16: =IFERROR(__xludf.DUMMYFUNCTION("IFERROR(SUBSTITUTE(SUBSTITUTE(REGEXEXTRACT(A16, ""[^-]+- [^-]+- [^-]+ - (.+?)\.jpg""), "".jpg"", """"), ""-"", "", ""), """")"),"") | J16: =IF(B16="{New}", "(" & YEAR(TODAY()) & ")", "") -> (2026) | K16: =MID(A16,FIND("-",A16)+2,8) -> 18308184 | L16: #BigTits, #Bigass, #Teen, #Blowjob, #Amateur, #Facial, #Blonde, #Deepthroat | M16: =IFERROR(__xludf.DUMMYFUNCTION("TRIM( REGEXREPLACE( TEXTJOIN("" "", TRUE, B16, C16, embaralharLinks(E16,F16,G16), H16, """", J16, N16, ""#RIPNSFW"" ), "",\s*"", "" "") )"),"{New} Alanna Pow https://streamtape.com/v/GbZdrYRVbYH17zq/18308184 https://lulustream.com/d/6k39hcuucj6f https://doodstream.com/d/s14c1x3qpqjj/18308184 (2026) #BigTits #Bigass #Teen #Blowjob #Amateur #Facial #Blonde #Deepthroat #RIPNSFW") -> {New} Alanna Pow https://streamtape.com/v/GbZdrYRVbYH17zq/18308184 https://lulustream.com/d/6k39hcuucj6f https://doodstream.com/d/s14c1x3qpqjj/18308184 (2026) #BigTits #Bigass #Teen #Blowjob #Amateur #Facial #Blonde #Deepthroat #RIPNSFW | N16: #BigTits #Bigass #Teen #Blowjob #Amateur #Facial #Blonde #Deepthroat | O16: https://thumb.tapecontent.net/thumb/GbZdrYRVbYH17zq/eYj8LQrY3dIY4l3.jpg
A17: Alanna Pow - 19034023 - Onlyfans.jpg | B17: {New} | C17: =LEFT(A17,FIND("-",A17)-1) -> Alanna Pow | D17: https://doodstream.com/d/vaflm6b6anmg/ | E17: https://lulustream.com/d/akzepx724qwo | F17: =IFERROR(__xludf.DUMMYFUNCTION("""https://streamtape.com/v/""& REGEXEXTRACT(O17,""/thumb/([^/]+)/"")& ""/""&K17"),"https://streamtape.com/v/D02L1469leskeMZ/19034023") -> https://streamtape.com/v/D02L1469leskeMZ/19034023 | G17: =_xludf.CONCAT(D17,K17) -> #NAME? | H17: =IFERROR(__xludf.DUMMYFUNCTION("IFERROR(SUBSTITUTE(SUBSTITUTE(REGEXEXTRACT(A17, ""[^-]+- [^-]+- [^-]+ - (.+?)\.jpg""), "".jpg"", """"), ""-"", "", ""), """")"),"") | J17: =IF(B17="{New}", "(" & YEAR(TODAY()) & ")", "") -> (2026) | K17: =MID(A17,FIND("-",A17)+2,8) -> 19034023 | L17: #BigTits, #Bigass, #Teen, #Blowjob | M17: =IFERROR(__xludf.DUMMYFUNCTION("TRIM( REGEXREPLACE( TEXTJOIN("" "", TRUE, B17, C17, embaralharLinks(E17,F17,G17), H17, """", J17, N17, ""#RIPNSFW"" ), "",\s*"", "" "") )"),"#ERROR!") -> #ERROR! | N17: #BigTits #Bigass #Teen #Blowjob | O17: https://thumb.tapecontent.net/thumb/D02L1469leskeMZ/QWmv9ADy9Wh0Q7y.jpg
A18: Alanna Pow - 22226111 - Onlyfans.jpg | B18: {New} | C18: =LEFT(A18,FIND("-",A18)-1) -> Alanna Pow | D18: https://doodstream.com/d/u4x7onq939v2/ | E18: https://lulustream.com/d/9g5xi6j2k5ss | F18: =IFERROR(__xludf.DUMMYFUNCTION("""https://streamtape.com/v/""& REGEXEXTRACT(O18,""/thumb/([^/]+)/"")& ""/""&K18"),"https://streamtape.com/v/3Gg2r6MJLMflOz/22226111") -> https://streamtape.com/v/3Gg2r6MJLMflOz/22226111 | G18: =_xludf.CONCAT(D18,K18) -> #NAME? | H18: =IFERROR(__xludf.DUMMYFUNCTION("IFERROR(SUBSTITUTE(SUBSTITUTE(REGEXEXTRACT(A18, ""[^-]+- [^-]+- [^-]+ - (.+?)\.jpg""), "".jpg"", """"), ""-"", "", ""), """")"),"") | J18: =IF(B18="{New}", "(" & YEAR(TODAY()) & ")", "") -> (2026) | K18: =MID(A18,FIND("-",A18)+2,8) -> 22226111 | L18: #BigTits, #Creampie, #Hardcore, #Bigass | M18: =IFERROR(__xludf.DUMMYFUNCTION("TRIM( REGEXREPLACE( TEXTJOIN("" "", TRUE, B18, C18, embaralharLinks(E18,F18,G18), H18, """", J18, N18, ""#RIPNSFW"" ), "",\s*"", "" "") )"),"{New} Alanna Pow https://lulustream.com/d/9g5xi6j2k5ss https://doodstream.com/d/u4x7onq939v2/22226111 https://streamtape.com/v/3Gg2r6MJLMflOz/22226111 (2026) #BigTits #Creampie #Hardcore #Bigass #RIPNSFW") -> {New} Alanna Pow https://lulustream.com/d/9g5xi6j2k5ss https://doodstream.com/d/u4x7onq939v2/22226111 https://streamtape.com/v/3Gg2r6MJLMflOz/22226111 (2026) #BigTits #Creampie #Hardcore #Bigass #RIPNSFW | N18: #BigTits #Creampie #Hardcore #Bigass | O18: https://thumb.tapecontent.net/thumb/3Gg2r6MJLMflOz/wdKwAAPWewFJXy7.jpg
A19: Alanna Pow - 25567227 - Onlyfans.jpg | B19: {New} | C19: =LEFT(A19,FIND("-",A19)-1) -> Alanna Pow | D19: https://doodstream.com/d/q3xj05tknxyh/ | E19: https://lulustream.com/d/3dajng3aeqm0 | F19: =IFERROR(__xludf.DUMMYFUNCTION("""https://streamtape.com/v/""& REGEXEXTRACT(O19,""/thumb/([^/]+)/"")& ""/""&K19"),"https://streamtape.com/v/KeZoqGMBWxt0kkb/25567227") -> https://streamtape.com/v/KeZoqGMBWxt0kkb/25567227 | G19: =_xludf.CONCAT(D19,K19) -> #NAME? | H19: =IFERROR(__xludf.DUMMYFUNCTION("IFERROR(SUBSTITUTE(SUBSTITUTE(REGEXEXTRACT(A19, ""[^-]+- [^-]+- [^-]+ - (.+?)\.jpg""), "".jpg"", """"), ""-"", "", ""), """")"),"") | J19: =IF(B19="{New}", "(" & YEAR(TODAY()) & ")", "") -> (2026) | K19: =MID(A19,FIND("-",A19)+2,8) -> 25567227 | L19: #BigTits, #Bigass, #Teen, #Blowjob | M19: =IFERROR(__xludf.DUMMYFUNCTION("TRIM( REGEXREPLACE( TEXTJOIN("" "", TRUE, B19, C19, embaralharLinks(E19,F19,G19), H19, """", J19, N19, ""#RIPNSFW"" ), "",\s*"", "" "") )"),"{New} Alanna Pow https://streamtape.com/v/KeZoqGMBWxt0kkb/25567227 https://doodstream.com/d/q3xj05tknxyh/25567227 https://lulustream.com/d/3dajng3aeqm0 (2026) #BigTits #Bigass #Teen #Blowjob #RIPNSFW") -> {New} Alanna Pow https://streamtape.com/v/KeZoqGMBWxt0kkb/25567227 https://doodstream.com/d/q3xj05tknxyh/25567227 https://lulustream.com/d/3dajng3aeqm0 (2026) #BigTits #Bigass #Teen #Blowjob #RIPNSFW | N19: #BigTits #Bigass #Teen #Blowjob | O19: https://thumb.tapecontent.net/thumb/KeZoqGMBWxt0kkb/Rk0KGb79q9cdVRK.jpg
A20: Alanna Pow - 26155010 - MCF.jpg | B20: {New} | C20: =LEFT(A20,FIND("-",A20)-1) -> Alanna Pow | D20: https://doodstream.com/d/ztvzkgn3o0cf/ | E20: https://lulustream.com/d/670hw3e5b3mo | F20: =IFERROR(__xludf.DUMMYFUNCTION("""https://streamtape.com/v/""& REGEXEXTRACT(O20,""/thumb/([^/]+)/"")& ""/""&K20"),"https://streamtape.com/v/mrm67xrV8oTbKpV/26155010") -> https://streamtape.com/v/mrm67xrV8oTbKpV/26155010 | G20: =_xludf.CONCAT(D20,K20) -> #NAME? | H20: =IFERROR(__xludf.DUMMYFUNCTION("IFERROR(SUBSTITUTE(SUBSTITUTE(REGEXEXTRACT(A20, ""[^-]+- [^-]+- [^-]+ - (.+?)\.jpg""), "".jpg"", """"), ""-"", "", ""), """")"),"") | J20: =IF(B20="{New}", "(" & YEAR(TODAY()) & ")", "") -> (2026) | K20: =MID(A20,FIND("-",A20)+2,8) -> 26155010 | L20: #BigTits, #MILF, #Hardcore, #Bigass | M20: =IFERROR(__xludf.DUMMYFUNCTION("TRIM( REGEXREPLACE( TEXTJOIN("" "", TRUE, B20, C20, embaralharLinks(E20,F20,G20), H20, """", J20, N20, ""#RIPNSFW"" ), "",\s*"", "" "") )"),"{New} Alanna Pow https://doodstream.com/d/ztvzkgn3o0cf/26155010 https://streamtape.com/v/mrm67xrV8oTbKpV/26155010 https://lulustream.com/d/670hw3e5b3mo (2026) #BigTits #MILF #Hardcore #Bigass #RIPNSFW") -> {New} Alanna Pow https://doodstream.com/d/ztvzkgn3o0cf/26155010 https://streamtape.com/v/mrm67xrV8oTbKpV/26155010 https://lulustream.com/d/670hw3e5b3mo (2026) #BigTits #MILF #Hardcore #Bigass #RIPNSFW | N20: #BigTits #MILF #Hardcore #Bigass | O20: https://thumb.tapecontent.net/thumb/mrm67xrV8oTbKpV/PJKqaQdowpUbDB.jpg
A21: Alanna Pow - 27269863 - Onlyfans.jpg | B21: {New} | C21: =LEFT(A21,FIND("-",A21)-1) -> Alanna Pow | D21: https://doodstream.com/d/tsuzf5cud37n/ | E21: https://lulustream.com/d/k1yvixzldcw8 | F21: =IFERROR(__xludf.DUMMYFUNCTION("""https://streamtape.com/v/""& REGEXEXTRACT(O21,""/thumb/([^/]+)/"")& ""/""&K21"),"https://streamtape.com/v/92x72B1oVpT6AY/27269863") -> https://streamtape.com/v/92x72B1oVpT6AY/27269863 | G21: =_xludf.CONCAT(D21,K21) -> #NAME? | H21: =IFERROR(__xludf.DUMMYFUNCTION("IFERROR(SUBSTITUTE(SUBSTITUTE(REGEXEXTRACT(A21, ""[^-]+- [^-]+- [^-]+ - (.+?)\.jpg""), "".jpg"", """"), ""-"", "", ""), """")"),"") | J21: =IF(B21="{New}", "(" & YEAR(TODAY()) & ")", "") -> (2026) | K21: =MID(A21,FIND("-",A21)+2,8) -> 27269863 | L21: #BigTits, #Bigass, #Teen, #Blowjob | M21: =IFERROR(__xludf.DUMMYFUNCTION("TRIM( REGEXREPLACE( TEXTJOIN("" "", TRUE, B21, C21, embaralharLinks(E21,F21,G21), H21, """", J21, N21, ""#RIPNSFW"" ), "",\s*"", "" "") )"),"{New} Alanna Pow https://lulustream.com/d/k1yvixzldcw8 https://doodstream.com/d/tsuzf5cud37n/27269863 https://streamtape.com/v/92x72B1oVpT6AY/27269863 (2026) #BigTits #Bigass #Teen #Blowjob #RIPNSFW") -> {New} Alanna Pow https://lulustream.com/d/k1yvixzldcw8 https://doodstream.com/d/tsuzf5cud37n/27269863 https://streamtape.com/v/92x72B1oVpT6AY/27269863 (2026) #BigTits #Bigass #Teen #Blowjob #RIPNSFW | N21: #BigTits #Bigass #Teen #Blowjob | O21: https://thumb.tapecontent.net/thumb/92x72B1oVpT6AY/meo1A4eaMduk48.jpg
A22: Alanna Pow - 37317864 - Onlyfans.jpg | B22: {New} | C22: =LEFT(A22,FIND("-",A22)-1) -> Alanna Pow | D22: https://doodstream.com/d/90kstdunkxjq/ | E22: https://lulustream.com/d/agigw3u8dcg1 | F22: =IFERROR(__xludf.DUMMYFUNCTION("""https://streamtape.com/v/""& REGEXEXTRACT(O22,""/thumb/([^/]+)/"")& ""/""&K22"),"https://streamtape.com/v/aYzDX643xqhx1Z9/37317864") -> https://streamtape.com/v/aYzDX643xqhx1Z9/37317864 | G22: =_xludf.CONCAT(D22,K22) -> #NAME? | H22: =IFERROR(__xludf.DUMMYFUNCTION("IFERROR(SUBSTITUTE(SUBSTITUTE(REGEXEXTRACT(A22, ""[^-]+- [^-]+- [^-]+ - (.+?)\.jpg""), "".jpg"", """"), ""-"", "", ""), """")"),"") | J22: =IF(B22="{New}", "(" & YEAR(TODAY()) & ")", "") -> (2026) | K22: =MID(A22,FIND("-",A22)+2,8) -> 37317864 | L22: #MILF, #BigTits, #Hardcore, #Bigass | M22: =IFERROR(__xludf.DUMMYFUNCTION("TRIM( REGEXREPLACE( TEXTJOIN("" "", TRUE, B22, C22, embaralharLinks(E22,F22,G22), H22, """", J22, N22, ""#RIPNSFW"" ), "",\s*"", "" "") )"),"{New} Alanna Pow https://doodstream.com/d/90kstdunkxjq/37317864 https://streamtape.com/v/aYzDX643xqhx1Z9/37317864 https://lulustream.com/d/agigw3u8dcg1 (2026) #MILF #BigTits #Hardcore #Bigass #RIPNSFW") -> {New} Alanna Pow https://doodstream.com/d/90kstdunkxjq/37317864 https://streamtape.com/v/aYzDX643xqhx1Z9/37317864 https://lulustream.com/d/agigw3u8dcg1 (2026) #MILF #BigTits #Hardcore #Bigass #RIPNSFW | N22: #MILF #BigTits #Hardcore #Bigass | O22: https://thumb.tapecontent.net/thumb/aYzDX643xqhx1Z9/LdrLOVlWlBIRddm.jpg
A23: Alanna Pow - 37925673 - ripnsfw.com.jpg | B23: {New} | C23: =LEFT(A23,FIND("-",A23)-1) -> Alanna Pow | D23: https://doodstream.com/d/ipv0wku6p57d/ | E23: https://lulustream.com/d/o4mlp4evm3wy | F23: =IFERROR(__xludf.DUMMYFUNCTION("""https://streamtape.com/v/""& REGEXEXTRACT(O23,""/thumb/([^/]+)/"")& ""/""&K23"),"https://streamtape.com/v/w7vRjBeyaZfJ88W/37925673") -> https://streamtape.com/v/w7vRjBeyaZfJ88W/37925673 | G23: =_xludf.CONCAT(D23,K23) -> #NAME? | H23: =IFERROR(__xludf.DUMMYFUNCTION("IFERROR(SUBSTITUTE(SUBSTITUTE(REGEXEXTRACT(A23, ""[^-]+- [^-]+- [^-]+ - (.+?)\.jpg""), "".jpg"", """"), ""-"", "", ""), """")"),"") | J23: =IF(B23="{New}", "(" & YEAR(TODAY()) & ")", "") -> (2026) | K23: =MID(A23,FIND("-",A23)+2,8) -> 37925673 | L23: #MILF, #BigTits, #Hardcore, #Black, #Interracial, #Bigass, #Teen, #Blowjob, #Amateur, #Blonde, #Deepthroat | M23: =IFERROR(__xludf.DUMMYFUNCTION("TRIM( REGEXREPLACE( TEXTJOIN("" "", TRUE, B23, C23, embaralharLinks(E23,F23,G23), H23, """", J23, N23, ""#RIPNSFW"" ), "",\s*"", "" "") )"),"{New} Alanna Pow https://streamtape.com/v/w7vRjBeyaZfJ88W/37925673 https://doodstream.com/d/ipv0wku6p57d/37925673 https://lulustream.com/d/o4mlp4evm3wy (2026) #MILF #BigTits #Hardcore #Black #Interracial #Bigass #Teen #Blowjob #Amateur #RIPNSFW") -> {New} Alanna Pow https://streamtape.com/v/w7vRjBeyaZfJ88W/37925673 https://doodstream.com/d/ipv0wku6p57d/37925673 https://lulustream.com/d/o4mlp4evm3wy (2026) #MILF #BigTits #Hardcore #Black #Interracial #Bigass #Teen #Blowjob #Amateur #RIPNSFW | N23: #MILF #BigTits #Hardcore #Black #Interracial #Bigass #Teen #Blowjob #Amateur | O23: https://thumb.tapecontent.net/thumb/w7vRjBeyaZfJ88W/j7RqjJP3zPIzWKK.jpg
A24: Alanna Pow - 38181644 - Onlyfans.jpg | B24: {New} | C24: =LEFT(A24,FIND("-",A24)-1) -> Alanna Pow | D24: https://doodstream.com/d/25o4hpmqzo7z/ | E24: https://lulustream.com/d/0heg056665vg | F24: =IFERROR(__xludf.DUMMYFUNCTION("""https://streamtape.com/v/""& REGEXEXTRACT(O24,""/thumb/([^/]+)/"")& ""/""&K24"),"https://streamtape.com/v/XgRG33lLAZsgpv/38181644") -> https://streamtape.com/v/XgRG33lLAZsgpv/38181644 | G24: =_xludf.CONCAT(D24,K24) -> #NAME? | H24: =IFERROR(__xludf.DUMMYFUNCTION("IFERROR(SUBSTITUTE(SUBSTITUTE(REGEXEXTRACT(A24, ""[^-]+- [^-]+- [^-]+ - (.+?)\.jpg""), "".jpg"", """"), ""-"", "", ""), """")"),"") | J24: =IF(B24="{New}", "(" & YEAR(TODAY()) & ")", "") -> (2026) | K24: =MID(A24,FIND("-",A24)+2,8) -> 38181644 | L24: #BigTits, #Bigass, #Teen, #Blowjob | M24: =IFERROR(__xludf.DUMMYFUNCTION("TRIM( REGEXREPLACE( TEXTJOIN("" "", TRUE, B24, C24, embaralharLinks(E24,F24,G24), H24, """", J24, N24, ""#RIPNSFW"" ), "",\s*"", "" "") )"),"{New} Alanna Pow https://doodstream.com/d/25o4hpmqzo7z/38181644 https://streamtape.com/v/XgRG33lLAZsgpv/38181644 https://lulustream.com/d/0heg056665vg (2026) #BigTits #Bigass #Teen #Blowjob #RIPNSFW") -> {New} Alanna Pow https://doodstream.com/d/25o4hpmqzo7z/38181644 https://streamtape.com/v/XgRG33lLAZsgpv/38181644 https://lulustream.com/d/0heg056665vg (2026) #BigTits #Bigass #Teen #Blowjob #RIPNSFW | N24: #BigTits #Bigass #Teen #Blowjob | O24: https://thumb.tapecontent.net/thumb/XgRG33lLAZsgpv/oQrqAmlO8kUJVAk.jpg
A25: Alanna Pow - 38679952 - XVRED.jpg | B25: {New} | C25: =LEFT(A25,FIND("-",A25)-1) -> Alanna Pow | D25: https://doodstream.com/d/0it670gat4vl/ | E25: https://lulustream.com/d/mrnyv6gmxp1f | F25: =IFERROR(__xludf.DUMMYFUNCTION("""https://streamtape.com/v/""& REGEXEXTRACT(O25,""/thumb/([^/]+)/"")& ""/""&K25"),"https://streamtape.com/v/yAwVJpaXxzI1W4A/38679952") -> https://streamtape.com/v/yAwVJpaXxzI1W4A/38679952 | G25: =_xludf.CONCAT(D25,K25) -> #NAME? | H25: =IFERROR(__xludf.DUMMYFUNCTION("IFERROR(SUBSTITUTE(SUBSTITUTE(REGEXEXTRACT(A25, ""[^-]+- [^-]+- [^-]+ - (.+?)\.jpg""), "".jpg"", """"), ""-"", "", ""), """")"),"") | J25: =IF(B25="{New}", "(" & YEAR(TODAY()) & ")", "") -> (2026) | K25: =MID(A25,FIND("-",A25)+2,8) -> 38679952 | L25: #BigTits, #Bigass, #Teen, #Blowjob | M25: =IFERROR(__xludf.DUMMYFUNCTION("TRIM( REGEXREPLACE( TEXTJOIN("" "", TRUE, B25, C25, embaralharLinks(E25,F25,G25), H25, """", J25, N25, ""#RIPNSFW"" ), "",\s*"", "" "") )"),"{New} Alanna Pow https://lulustream.com/d/mrnyv6gmxp1f https://doodstream.com/d/0it670gat4vl/38679952 https://streamtape.com/v/yAwVJpaXxzI1W4A/38679952 (2026) #BigTits #Bigass #Teen #Blowjob #RIPNSFW") -> {New} Alanna Pow https://lulustream.com/d/mrnyv6gmxp1f https://doodstream.com/d/0it670gat4vl/38679952 https://streamtape.com/v/yAwVJpaXxzI1W4A/38679952 (2026) #BigTits #Bigass #Teen #Blowjob #RIPNSFW | N25: #BigTits #Bigass #Teen #Blowjob | O25: https://thumb.tapecontent.net/thumb/yAwVJpaXxzI1W4A/Pr8jvQYaR7c0QGx.jpg
A26: Alanna Pow - 54503023 - Onlyfans.jpg | B26: {New} | C26: =LEFT(A26,FIND("-",A26)-1) -> Alanna Pow | D26: https://doodstream.com/d/jmcjx10qnbrc/ | E26: https://lulustream.com/d/wz3eb9qspm5d | F26: =IFERROR(__xludf.DUMMYFUNCTION("""https://streamtape.com/v/""& REGEXEXTRACT(O26,""/thumb/([^/]+)/"")& ""/""&K26"),"https://streamtape.com/v/JX7xbVjV1ysZ6r/54503023") -> https://streamtape.com/v/JX7xbVjV1ysZ6r/54503023 | G26: =_xludf.CONCAT(D26,K26) -> #NAME? | H26: =IFERROR(__xludf.DUMMYFUNCTION("IFERROR(SUBSTITUTE(SUBSTITUTE(REGEXEXTRACT(A26, ""[^-]+- [^-]+- [^-]+ - (.+?)\.jpg""), "".jpg"", """"), ""-"", "", ""), """")"),"") | J26: =IF(B26="{New}", "(" & YEAR(TODAY()) & ")", "") -> (2026) | K26: =MID(A26,FIND("-",A26)+2,8) -> 54503023 | L26: #BigTits, #Bigass, #Teen, #Blowjob | M26: =IFERROR(__xludf.DUMMYFUNCTION("TRIM( REGEXREPLACE( TEXTJOIN("" "", TRUE, B26, C26, embaralharLinks(E26,F26,G26), H26, """", J26, N26, ""#RIPNSFW"" ), "",\s*"", "" "") )"),"{New} Alanna Pow https://doodstream.com/d/jmcjx10qnbrc/54503023 https://lulustream.com/d/wz3eb9qspm5d https://streamtape.com/v/JX7xbVjV1ysZ6r/54503023 (2026) #BigTits #Bigass #Teen #Blowjob #RIPNSFW") -> {New} Alanna Pow https://doodstream.com/d/jmcjx10qnbrc/54503023 https://lulustream.com/d/wz3eb9qspm5d https://streamtape.com/v/JX7xbVjV1ysZ6r/54503023 (2026) #BigTits #Bigass #Teen #Blowjob #RIPNSFW | N26: #BigTits #Bigass #Teen #Blowjob | O26: https://thumb.tapecontent.net/thumb/JX7xbVjV1ysZ6r/JAyAM87bZ0FjBGO.jpg
A27: Alanna Pow - 54606458 - Onlyfans.jpg | B27: {New} | C27: =LEFT(A27,FIND("-",A27)-1) -> Alanna Pow | D27: https://doodstream.com/d/xxlwjgm20d7x/ | E27: https://lulustream.com/d/qnootfyydx1n | F27: =IFERROR(__xludf.DUMMYFUNCTION("""https://streamtape.com/v/""& REGEXEXTRACT(O27,""/thumb/([^/]+)/"")& ""/""&K27"),"https://streamtape.com/v/082qbZXgjAcb1Db/54606458") -> https://streamtape.com/v/082qbZXgjAcb1Db/54606458 | G27: =_xludf.CONCAT(D27,K27) -> #NAME? | H27: =IFERROR(__xludf.DUMMYFUNCTION("IFERROR(SUBSTITUTE(SUBSTITUTE(REGEXEXTRACT(A27, ""[^-]+- [^-]+- [^-]+ - (.+?)\.jpg""), "".jpg"", """"), ""-"", "", ""), """")"),"") | J27: =IF(B27="{New}", "(" & YEAR(TODAY()) & ")", "") -> (2026) | K27: =MID(A27,FIND("-",A27)+2,8) -> 54606458 | L27: #BigTits, #Bigass, #Teen, #Blowjob | M27: =IFERROR(__xludf.DUMMYFUNCTION("TRIM( REGEXREPLACE( TEXTJOIN("" "", TRUE, B27, C27, embaralharLinks(E27,F27,G27), H27, """", J27, N27, ""#RIPNSFW"" ), "",\s*"", "" "") )"),"{New} Alanna Pow https://doodstream.com/d/xxlwjgm20d7x/54606458 https://lulustream.com/d/qnootfyydx1n https://streamtape.com/v/082qbZXgjAcb1Db/54606458 (2026) #BigTits #Bigass #Teen #Blowjob #RIPNSFW") -> {New} Alanna Pow https://doodstream.com/d/xxlwjgm20d7x/54606458 https://lulustream.com/d/qnootfyydx1n https://streamtape.com/v/082qbZXgjAcb1Db/54606458 (2026) #BigTits #Bigass #Teen #Blowjob #RIPNSFW | N27: #BigTits #Bigass #Teen #Blowjob | O27: https://thumb.tapecontent.net/thumb/082qbZXgjAcb1Db/kv0KeD31rRHy1l.jpg
A28: Alanna Pow - 61011031 - ripnsfw.com - Lena the plug.jpg | B28: {New} | C28: =LEFT(A28,FIND("-",A28)-1) -> Alanna Pow | D28: https://doodstream.com/d/t4cw7igq24kl/ | E28: https://lulustream.com/d/nd8bgmvefkyv | F28: =IFERROR(__xludf.DUMMYFUNCTION("""https://streamtape.com/v/""& REGEXEXTRACT(O28,""/thumb/([^/]+)/"")& ""/""&K28"),"https://streamtape.com/v/ykJapV24dRF1DBD/61011031") -> https://streamtape.com/v/ykJapV24dRF1DBD/61011031 | G28: =_xludf.CONCAT(D28,K28) -> #NAME? | H28: =IFERROR(__xludf.DUMMYFUNCTION("IFERROR(SUBSTITUTE(SUBSTITUTE(REGEXEXTRACT(A28, ""[^-]+- [^-]+- [^-]+ - (.+?)\.jpg""), "".jpg"", """"), ""-"", "", ""), """")"),"Lena the plug") -> Lena the plug | J28: =IF(B28="{New}", "(" & YEAR(TODAY()) & ")", "") -> (2026) | K28: =MID(A28,FIND("-",A28)+2,8) -> 61011031 | L28: #MILF, #BigTits, #Hardcore, #Threesome, #Bigass, #Teen, #Blowjob, #Amateur, #Hotwife, #Blonde, #Facial | M28: =IFERROR(__xludf.DUMMYFUNCTION("TRIM( REGEXREPLACE( TEXTJOIN("" "", TRUE, B28, C28, embaralharLinks(E28,F28,G28), H28, """", J28, N28, ""#RIPNSFW"" ), "",\s*"", "" "") )"),"{New} Alanna Pow https://streamtape.com/v/ykJapV24dRF1DBD/61011031 https://doodstream.com/d/t4cw7igq24kl/61011031 https://lulustream.com/d/nd8bgmvefkyv Lena the plug (2026) #MILF #BigTits #Hardcore #Threesome #Bigass #Teen #Blowjob #RIPNSFW") -> {New} Alanna Pow https://streamtape.com/v/ykJapV24dRF1DBD/61011031 https://doodstream.com/d/t4cw7igq24kl/61011031 https://lulustream.com/d/nd8bgmvefkyv Lena the plug (2026) #MILF #BigTits #Hardcore #Threesome #Bigass #Teen #Blowjob #RIPNSFW | N28: #MILF #BigTits #Hardcore #Threesome #Bigass #Teen #Blowjob | O28: https://thumb.tapecontent.net/thumb/ykJapV24dRF1DBD/wrAOBrQOg0HJqrV.jpg
A29: Alanna Pow - 62436241 - ripnsfw.com.jpg | B29: {New} | C29: =LEFT(A29,FIND("-",A29)-1) -> Alanna Pow | D29: https://doodstream.com/d/pgk741qzghdi/ | E29: https://lulustream.com/d/6kinxp49ummh | F29: =IFERROR(__xludf.DUMMYFUNCTION("""https://streamtape.com/v/""& REGEXEXTRACT(O29,""/thumb/([^/]+)/"")& ""/""&K29"),"https://streamtape.com/v/oMbdogoq7PcJzVR/62436241") -> https://streamtape.com/v/oMbdogoq7PcJzVR/62436241 | G29: =_xludf.CONCAT(D29,K29) -> #NAME? | H29: =IFERROR(__xludf.DUMMYFUNCTION("IFERROR(SUBSTITUTE(SUBSTITUTE(REGEXEXTRACT(A29, ""[^-]+- [^-]+- [^-]+ - (.+?)\.jpg""), "".jpg"", """"), ""-"", "", ""), """")"),"") | J29: =IF(B29="{New}", "(" & YEAR(TODAY()) & ")", "") -> (2026) | K29: =MID(A29,FIND("-",A29)+2,8) -> 62436241 | L29: #BigTits, #Hardcore, #Bigass, #Teen, #Blowjob, #Amateur, #Deepthroat, #Blonde, #Facial | M29: =IFERROR(__xludf.DUMMYFUNCTION("TRIM( REGEXREPLACE( TEXTJOIN("" "", TRUE, B29, C29, embaralharLinks(E29,F29,G29), H29, """", J29, N29, ""#RIPNSFW"" ), "",\s*"", "" "") )"),"{New} Alanna Pow https://lulustream.com/d/6kinxp49ummh https://streamtape.com/v/oMbdogoq7PcJzVR/62436241 https://doodstream.com/d/pgk741qzghdi/62436241 (2026) #BigTits #Hardcore #Bigass #Teen #Blowjob #RIPNSFW") -> {New} Alanna Pow https://lulustream.com/d/6kinxp49ummh https://streamtape.com/v/oMbdogoq7PcJzVR/62436241 https://doodstream.com/d/pgk741qzghdi/62436241 (2026) #BigTits #Hardcore #Bigass #Teen #Blowjob #RIPNSFW | N29: #BigTits #Hardcore #Bigass #Teen #Blowjob | O29: https://thumb.tapecontent.net/thumb/oMbdogoq7PcJzVR/DAyxqw0ebXskjXd.jpg
A30: Alanna Pow - 62968616 - Onlyfans.jpg | B30: {New} | C30: =LEFT(A30,FIND("-",A30)-1) -> Alanna Pow | D30: https://doodstream.com/d/wg30ws65tlsl/ | E30: https://lulustream.com/d/hq2ek4yamn5m | F30: =IFERROR(__xludf.DUMMYFUNCTION("""https://streamtape.com/v/""& REGEXEXTRACT(O30,""/thumb/([^/]+)/"")& ""/""&K30"),"https://streamtape.com/v/lxyd9VjLZxu7pMQ/62968616") -> https://streamtape.com/v/lxyd9VjLZxu7pMQ/62968616 | G30: =_xludf.CONCAT(D30,K30) -> #NAME? | H30: =IFERROR(__xludf.DUMMYFUNCTION("IFERROR(SUBSTITUTE(SUBSTITUTE(REGEXEXTRACT(A30, ""[^-]+- [^-]+- [^-]+ - (.+?)\.jpg""), "".jpg"", """"), ""-"", "", ""), """")"),"") | J30: =IF(B30="{New}", "(" & YEAR(TODAY()) & ")", "") -> (2026) | K30: =MID(A30,FIND("-",A30)+2,8) -> 62968616 | L30: #BigTits, #Bigass, #Teen, #Blowjob | M30: =IFERROR(__xludf.DUMMYFUNCTION("TRIM( REGEXREPLACE( TEXTJOIN("" "", TRUE, B30, C30, embaralharLinks(E30,F30,G30), H30, """", J30, N30, ""#RIPNSFW"" ), "",\s*"", "" "") )"),"{New} Alanna Pow https://doodstream.com/d/wg30ws65tlsl/62968616 https://streamtape.com/v/lxyd9VjLZxu7pMQ/62968616 https://lulustream.com/d/hq2ek4yamn5m (2026) #BigTits #Bigass #Teen #Blowjob #RIPNSFW") -> {New} Alanna Pow https://doodstream.com/d/wg30ws65tlsl/62968616 https://streamtape.com/v/lxyd9VjLZxu7pMQ/62968616 https://lulustream.com/d/hq2ek4yamn5m (2026) #BigTits #Bigass #Teen #Blowjob #RIPNSFW | N30: #BigTits #Bigass #Teen #Blowjob | O30: https://thumb.tapecontent.net/thumb/lxyd9VjLZxu7pMQ/Q0z3XO7zR9C0x6d.jpg
A31: Alanna Pow - 63393477 - ripnsfw.com.jpg | B31: {New} | C31: =LEFT(A31,FIND("-",A31)-1) -> Alanna Pow | D31: https://doodstream.com/d/5k393rfh3ehj/ | E31: https://lulustream.com/d/7rmboytus18b | F31: =IFERROR(__xludf.DUMMYFUNCTION("""https://streamtape.com/v/""& REGEXEXTRACT(O31,""/thumb/([^/]+)/"")& ""/""&K31"),"https://streamtape.com/v/kDgmb2y6wasO2QL/63393477") -> https://streamtape.com/v/kDgmb2y6wasO2QL/63393477 | G31: =_xludf.CONCAT(D31,K31) -> #NAME? | H31: =IFERROR(__xludf.DUMMYFUNCTION("IFERROR(SUBSTITUTE(SUBSTITUTE(REGEXEXTRACT(A31, ""[^-]+- [^-]+- [^-]+ - (.+?)\.jpg""), "".jpg"", """"), ""-"", "", ""), """")"),"") | J31: =IF(B31="{New}", "(" & YEAR(TODAY()) & ")", "") -> (2026) | K31: =MID(A31,FIND("-",A31)+2,8) -> 63393477 | L31: #BigTits, #Hardcore, #Bigass, #Teen, #Artporn, #Teens, #Amateur, #Deepthroat, #Facial, #Blonde | M31: =IFERROR(__xludf.DUMMYFUNCTION("TRIM( REGEXREPLACE( TEXTJOIN("" "", TRUE, B31, C31, embaralharLinks(E31,F31,G31), H31, """", J31, N31, ""#RIPNSFW"" ), "",\s*"", "" "") )"),"{New} Alanna Pow https://doodstream.com/d/5k393rfh3ehj/63393477 https://lulustream.com/d/7rmboytus18b https://streamtape.com/v/kDgmb2y6wasO2QL/63393477 (2026) #BigTits #Hardcore #Bigass #Teen #Artporn #RIPNSFW") -> {New} Alanna Pow https://doodstream.com/d/5k393rfh3ehj/63393477 https://lulustream.com/d/7rmboytus18b https://streamtape.com/v/kDgmb2y6wasO2QL/63393477 (2026) #BigTits #Hardcore #Bigass #Teen #Artporn #RIPNSFW | N31: #BigTits #Hardcore #Bigass #Teen #Artporn | O31: https://thumb.tapecontent.net/thumb/kDgmb2y6wasO2QL/lwk6LWKJoWiAaa.jpg
A32: Alanna Pow - 65492185 - ripnsfw.com.jpg | B32: {New} | C32: =LEFT(A32,FIND("-",A32)-1) -> Alanna Pow | D32: https://doodstream.com/d/ccukxnfsif65/ | E32: https://lulustream.com/d/eez691u865ep | F32: =IFERROR(__xludf.DUMMYFUNCTION("""https://streamtape.com/v/""& REGEXEXTRACT(O32,""/thumb/([^/]+)/"")& ""/""&K32"),"https://streamtape.com/v/XzXKqJlK3oSDqle/65492185") -> https://streamtape.com/v/XzXKqJlK3oSDqle/65492185 | G32: =_xludf.CONCAT(D32,K32) -> #NAME? | H32: =IFERROR(__xludf.DUMMYFUNCTION("IFERROR(SUBSTITUTE(SUBSTITUTE(REGEXEXTRACT(A32, ""[^-]+- [^-]+- [^-]+ - (.+?)\.jpg""), "".jpg"", """"), ""-"", "", ""), """")"),"") | J32: =IF(B32="{New}", "(" & YEAR(TODAY()) & ")", "") -> (2026) | K32: =MID(A32,FIND("-",A32)+2,8) -> 65492185 | L32: #BigTits, #Hardcore, #Bigass, #Teen, #Blowjob, #Amateur, #Facial, #Blonde | M32: =IFERROR(__xludf.DUMMYFUNCTION("TRIM( REGEXREPLACE( TEXTJOIN("" "", TRUE, B32, C32, embaralharLinks(E32,F32,G32), H32, """", J32, N32, ""#RIPNSFW"" ), "",\s*"", "" "") )"),"{New} Alanna Pow https://doodstream.com/d/ccukxnfsif65/65492185 https://lulustream.com/d/eez691u865ep https://streamtape.com/v/XzXKqJlK3oSDqle/65492185 (2026) #BigTits #Hardcore #Bigass #Teen #Blowjob #Amateur #Facial #RIPNSFW") -> {New} Alanna Pow https://doodstream.com/d/ccukxnfsif65/65492185 https://lulustream.com/d/eez691u865ep https://streamtape.com/v/XzXKqJlK3oSDqle/65492185 (2026) #BigTits #Hardcore #Bigass #Teen #Blowjob #Amateur #Facial #RIPNSFW | N32: #BigTits #Hardcore #Bigass #Teen #Blowjob #Amateur #Facial | O32: https://thumb.tapecontent.net/thumb/XzXKqJlK3oSDqle/bqJdl1meVysRww.jpg
A33: Alanna Pow - 67907097 - ripnsfw.com.jpg | B33: {New} | C33: =LEFT(A33,FIND("-",A33)-1) -> Alanna Pow | D33: https://doodstream.com/d/vr4cu9g6r3bp/ | E33: https://lulustream.com/d/dat15ogft72x | F33: =IFERROR(__xludf.DUMMYFUNCTION("""https://streamtape.com/v/""& REGEXEXTRACT(O33,""/thumb/([^/]+)/"")& ""/""&K33"),"https://streamtape.com/v/Ww1m9vRPK1fqwK/67907097") -> https://streamtape.com/v/Ww1m9vRPK1fqwK/67907097 | G33: =_xludf.CONCAT(D33,K33) -> #NAME? | H33: =IFERROR(__xludf.DUMMYFUNCTION("IFERROR(SUBSTITUTE(SUBSTITUTE(REGEXEXTRACT(A33, ""[^-]+- [^-]+- [^-]+ - (.+?)\.jpg""), "".jpg"", """"), ""-"", "", ""), """")"),"") | J33: =IF(B33="{New}", "(" & YEAR(TODAY()) & ")", "") -> (2026) | K33: =MID(A33,FIND("-",A33)+2,8) -> 67907097 | L33: #BigTits, #Creampie, #Hardcore, #Bigass, #Teen, #Blowjob, #Amateur, #Blonde | M33: =IFERROR(__xludf.DUMMYFUNCTION("TRIM( REGEXREPLACE( TEXTJOIN("" "", TRUE, B33, C33, embaralharLinks(E33,F33,G33), H33, """", J33, N33, ""#RIPNSFW"" ), "",\s*"", "" "") )"),"{New} Alanna Pow https://streamtape.com/v/Ww1m9vRPK1fqwK/67907097 https://lulustream.com/d/dat15ogft72x https://doodstream.com/d/vr4cu9g6r3bp/67907097 (2026) #BigTits #Creampie #Hardcore #Bigass #Teen #Blowjob #RIPNSFW") -> {New} Alanna Pow https://streamtape.com/v/Ww1m9vRPK1fqwK/67907097 https://lulustream.com/d/dat15ogft72x https://doodstream.com/d/vr4cu9g6r3bp/67907097 (2026) #BigTits #Creampie #Hardcore #Bigass #Teen #Blowjob #RIPNSFW | N33: #BigTits #Creampie #Hardcore #Bigass #Teen #Blowjob | O33: https://thumb.tapecontent.net/thumb/Ww1m9vRPK1fqwK/WbWPqAZlW2Ub7bG.jpg
A34: Alanna Pow - 69979470 - Onlyfans.jpg | B34: {New} | C34: =LEFT(A34,FIND("-",A34)-1) -> Alanna Pow | D34: https://doodstream.com/d/60ve1m8rumvx/ | E34: https://lulustream.com/d/f7w5iqfwefo5 | F34: =IFERROR(__xludf.DUMMYFUNCTION("""https://streamtape.com/v/""& REGEXEXTRACT(O34,""/thumb/([^/]+)/"")& ""/""&K34"),"https://streamtape.com/v/ZPopRlqxXbCoMB/69979470") -> https://streamtape.com/v/ZPopRlqxXbCoMB/69979470 | G34: =_xludf.CONCAT(D34,K34) -> #NAME? | H34: =IFERROR(__xludf.DUMMYFUNCTION("IFERROR(SUBSTITUTE(SUBSTITUTE(REGEXEXTRACT(A34, ""[^-]+- [^-]+- [^-]+ - (.+?)\.jpg""), "".jpg"", """"), ""-"", "", ""), """")"),"") | J34: =IF(B34="{New}", "(" & YEAR(TODAY()) & ")", "") -> (2026) | K34: =MID(A34,FIND("-",A34)+2,8) -> 69979470 | L34: #BigTits, #Bigass, #Teen, #Blowjob | M34: =IFERROR(__xludf.DUMMYFUNCTION("TRIM( REGEXREPLACE( TEXTJOIN("" "", TRUE, B34, C34, embaralharLinks(E34,F34,G34), H34, """", J34, N34, ""#RIPNSFW"" ), "",\s*"", "" "") )"),"{New} Alanna Pow https://doodstream.com/d/60ve1m8rumvx/69979470 https://lulustream.com/d/f7w5iqfwefo5 https://streamtape.com/v/ZPopRlqxXbCoMB/69979470 (2026) #BigTits #Bigass #Teen #Blowjob #RIPNSFW") -> {New} Alanna Pow https://doodstream.com/d/60ve1m8rumvx/69979470 https://lulustream.com/d/f7w5iqfwefo5 https://streamtape.com/v/ZPopRlqxXbCoMB/69979470 (2026) #BigTits #Bigass #Teen #Blowjob #RIPNSFW | N34: #BigTits #Bigass #Teen #Blowjob | O34: https://thumb.tapecontent.net/thumb/ZPopRlqxXbCoMB/Be9KQBrZvlHyxpq.jpg
A35: Alanna Pow - 71566037 - ripnsfw.com.jpg | B35: {New} | C35: =LEFT(A35,FIND("-",A35)-1) -> Alanna Pow | D35: https://doodstream.com/d/jp88l39qrrxj/ | E35: https://lulustream.com/d/5vxzigynjn98 | F35: =IFERROR(__xludf.DUMMYFUNCTION("""https://streamtape.com/v/""& REGEXEXTRACT(O35,""/thumb/([^/]+)/"")& ""/""&K35"),"https://streamtape.com/v/mgY1oyd4Ogsb3V3/71566037") -> https://streamtape.com/v/mgY1oyd4Ogsb3V3/71566037 | G35: =_xludf.CONCAT(D35,K35) -> #NAME? | H35: =IFERROR(__xludf.DUMMYFUNCTION("IFERROR(SUBSTITUTE(SUBSTITUTE(REGEXEXTRACT(A35, ""[^-]+- [^-]+- [^-]+ - (.+?)\.jpg""), "".jpg"", """"), ""-"", "", ""), """")"),"") | J35: =IF(B35="{New}", "(" & YEAR(TODAY()) & ")", "") -> (2026) | K35: =MID(A35,FIND("-",A35)+2,8) -> 71566037 | L35: #BigTits, #Hardcore, #Bigass, #Teen, #Blowjob, #Amateur, #Blonde | M35: =IFERROR(__xludf.DUMMYFUNCTION("TRIM( REGEXREPLACE( TEXTJOIN("" "", TRUE, B35, C35, embaralharLinks(E35,F35,G35), H35, """", J35, N35, ""#RIPNSFW"" ), "",\s*"", "" "") )"),"{New} Alanna Pow https://doodstream.com/d/jp88l39qrrxj/71566037 https://lulustream.com/d/5vxzigynjn98 https://streamtape.com/v/mgY1oyd4Ogsb3V3/71566037 (2026) #BigTits #Hardcore #Bigass #Teen #Blowjob #Amateur #RIPNSFW") -> {New} Alanna Pow https://doodstream.com/d/jp88l39qrrxj/71566037 https://lulustream.com/d/5vxzigynjn98 https://streamtape.com/v/mgY1oyd4Ogsb3V3/71566037 (2026) #BigTits #Hardcore #Bigass #Teen #Blowjob #Amateur #RIPNSFW | N35: #BigTits #Hardcore #Bigass #Teen #Blowjob #Amateur | O35: https://thumb.tapecontent.net/thumb/mgY1oyd4Ogsb3V3/ZoJ1yQQ4mXfwq8.jpg
A36: Alanna Pow - 72639064 - ripnsfw.com.jpg | B36: {New} | C36: =LEFT(A36,FIND("-",A36)-1) -> Alanna Pow | D36: https://doodstream.com/d/fks6fq0j3ayc/ | E36: https://lulustream.com/d/repjq78qcmaw | F36: =IFERROR(__xludf.DUMMYFUNCTION("""https://streamtape.com/v/""& REGEXEXTRACT(O36,""/thumb/([^/]+)/"")& ""/""&K36"),"https://streamtape.com/v/3ab30K1bWySDZD/72639064") -> https://streamtape.com/v/3ab30K1bWySDZD/72639064 | G36: =_xludf.CONCAT(D36,K36) -> #NAME? | H36: =IFERROR(__xludf.DUMMYFUNCTION("IFERROR(SUBSTITUTE(SUBSTITUTE(REGEXEXTRACT(A36, ""[^-]+- [^-]+- [^-]+ - (.+?)\.jpg""), "".jpg"", """"), ""-"", "", ""), """")"),"") | J36: =IF(B36="{New}", "(" & YEAR(TODAY()) & ")", "") -> (2026) | K36: =MID(A36,FIND("-",A36)+2,8) -> 72639064 | L36: #BigTits, #Hardcore, #Bigass, #Teen, #Blowjob, #Amateur, #Deepthroat, #Blonde | M36: =IFERROR(__xludf.DUMMYFUNCTION("TRIM( REGEXREPLACE( TEXTJOIN("" "", TRUE, B36, C36, embaralharLinks(E36,F36,G36), H36, """", J36, N36, ""#RIPNSFW"" ), "",\s*"", "" "") )"),"{New} Alanna Pow https://streamtape.com/v/3ab30K1bWySDZD/72639064 https://lulustream.com/d/repjq78qcmaw https://doodstream.com/d/fks6fq0j3ayc/72639064 (2026) #BigTits #Hardcore #Bigass #Teen #Blowjob #RIPNSFW") -> {New} Alanna Pow https://streamtape.com/v/3ab30K1bWySDZD/72639064 https://lulustream.com/d/repjq78qcmaw https://doodstream.com/d/fks6fq0j3ayc/72639064 (2026) #BigTits #Hardcore #Bigass #Teen #Blowjob #RIPNSFW | N36: #BigTits #Hardcore #Bigass #Teen #Blowjob | O36: https://thumb.tapecontent.net/thumb/3ab30K1bWySDZD/GbAxAmP74DuYKl.jpg
A37: Alanna Pow - 72645909 - Onlyfans.jpg | B37: {New} | C37: =LEFT(A37,FIND("-",A37)-1) -> Alanna Pow | D37: https://doodstream.com/d/skr79wkziy0d/ | E37: https://lulustream.com/d/5gyjbuhx4h2c | F37: =IFERROR(__xludf.DUMMYFUNCTION("""https://streamtape.com/v/""& REGEXEXTRACT(O37,""/thumb/([^/]+)/"")& ""/""&K37"),"https://streamtape.com/v/e3Dva9KD1OTmwe/72645909") -> https://streamtape.com/v/e3Dva9KD1OTmwe/72645909 | G37: =_xludf.CONCAT(D37,K37) -> #NAME? | H37: =IFERROR(__xludf.DUMMYFUNCTION("IFERROR(SUBSTITUTE(SUBSTITUTE(REGEXEXTRACT(A37, ""[^-]+- [^-]+- [^-]+ - (.+?)\.jpg""), "".jpg"", """"), ""-"", "", ""), """")"),"") | J37: =IF(B37="{New}", "(" & YEAR(TODAY()) & ")", "") -> (2026) | K37: =MID(A37,FIND("-",A37)+2,8) -> 72645909 | L37: #BigTits, #Bigass, #Teen, #Blowjob | M37: =IFERROR(__xludf.DUMMYFUNCTION("TRIM( REGEXREPLACE( TEXTJOIN("" "", TRUE, B37, C37, embaralharLinks(E37,F37,G37), H37, """", J37, N37, ""#RIPNSFW"" ), "",\s*"", "" "") )"),"{New} Alanna Pow https://lulustream.com/d/5gyjbuhx4h2c https://streamtape.com/v/e3Dva9KD1OTmwe/72645909 https://doodstream.com/d/skr79wkziy0d/72645909 (2026) #BigTits #Bigass #Teen #Blowjob #RIPNSFW") -> {New} Alanna Pow https://lulustream.com/d/5gyjbuhx4h2c https://streamtape.com/v/e3Dva9KD1OTmwe/72645909 https://doodstream.com/d/skr79wkziy0d/72645909 (2026) #BigTits #Bigass #Teen #Blowjob #RIPNSFW | N37: #BigTits #Bigass #Teen #Blowjob | O37: https://thumb.tapecontent.net/thumb/e3Dva9KD1OTmwe/grYOky9DV7UGv6.jpg
A38: Alanna Pow - 73449975 - Onlyfans.jpg | B38: {New} | C38: =LEFT(A38,FIND("-",A38)-1) -> Alanna Pow | D38: https://doodstream.com/d/wjk5xqxhiaxc/ | E38: https://lulustream.com/d/ga7di1cb78vv | F38: =IFERROR(__xludf.DUMMYFUNCTION("""https://streamtape.com/v/""& REGEXEXTRACT(O38,""/thumb/([^/]+)/"")& ""/""&K38"),"https://streamtape.com/v/PLxK7p2l9JS0QvK/73449975") -> https://streamtape.com/v/PLxK7p2l9JS0QvK/73449975 | G38: =_xludf.CONCAT(D38,K38) -> #NAME? | H38: =IFERROR(__xludf.DUMMYFUNCTION("IFERROR(SUBSTITUTE(SUBSTITUTE(REGEXEXTRACT(A38, ""[^-]+- [^-]+- [^-]+ - (.+?)\.jpg""), "".jpg"", """"), ""-"", "", ""), """")"),"") | J38: =IF(B38="{New}", "(" & YEAR(TODAY()) & ")", "") -> (2026) | K38: =MID(A38,FIND("-",A38)+2,8) -> 73449975 | L38: #BigTits, #Hardcore, #Bigass, #Teen | M38: =IFERROR(__xludf.DUMMYFUNCTION("TRIM( REGEXREPLACE( TEXTJOIN("" "", TRUE, B38, C38, embaralharLinks(E38,F38,G38), H38, """", J38, N38, ""#RIPNSFW"" ), "",\s*"", "" "") )"),"{New} Alanna Pow https://doodstream.com/d/wjk5xqxhiaxc/73449975 https://streamtape.com/v/PLxK7p2l9JS0QvK/73449975 https://lulustream.com/d/ga7di1cb78vv (2026) #BigTits #Hardcore #Bigass #Teen #RIPNSFW") -> {New} Alanna Pow https://doodstream.com/d/wjk5xqxhiaxc/73449975 https://streamtape.com/v/PLxK7p2l9JS0QvK/73449975 https://lulustream.com/d/ga7di1cb78vv (2026) #BigTits #Hardcore #Bigass #Teen #RIPNSFW | N38: #BigTits #Hardcore #Bigass #Teen | O38: https://thumb.tapecontent.net/thumb/PLxK7p2l9JS0QvK/XoR2BOm6vZuDjqw.jpg
A39: Alanna Pow - 77110509 - ripnsfw.com.jpg | B39: {New} | C39: =LEFT(A39,FIND("-",A39)-1) -> Alanna Pow | D39: https://doodstream.com/d/lo75arpa05jl/ | E39: https://lulustream.com/d/h3ip8zl4hjvi | F39: =IFERROR(__xludf.DUMMYFUNCTION("""https://streamtape.com/v/""& REGEXEXTRACT(O39,""/thumb/([^/]+)/"")& ""/""&K39"),"https://streamtape.com/v/xowdjrVJGKfkb1A/77110509") -> https://streamtape.com/v/xowdjrVJGKfkb1A/77110509 | G39: =_xludf.CONCAT(D39,K39) -> #NAME? | H39: =IFERROR(__xludf.DUMMYFUNCTION("IFERROR(SUBSTITUTE(SUBSTITUTE(REGEXEXTRACT(A39, ""[^-]+- [^-]+- [^-]+ - (.+?)\.jpg""), "".jpg"", """"), ""-"", "", ""), """")"),"") | J39: =IF(B39="{New}", "(" & YEAR(TODAY()) & ")", "") -> (2026) | K39: =MID(A39,FIND("-",A39)+2,8) -> 77110509 | L39: #BigTits, #Creampie, #Hardcore, #Bigass, #Teen, #Blowjob, #Amateur, #Blonde | M39: =IFERROR(__xludf.DUMMYFUNCTION("TRIM( REGEXREPLACE( TEXTJOIN("" "", TRUE, B39, C39, embaralharLinks(E39,F39,G39), H39, """", J39, N39, ""#RIPNSFW"" ), "",\s*"", "" "") )"),"{New} Alanna Pow https://streamtape.com/v/xowdjrVJGKfkb1A/77110509 https://lulustream.com/d/h3ip8zl4hjvi https://doodstream.com/d/lo75arpa05jl/77110509 (2026) #BigTits #Creampie #Hardcore #Bigass #Teen #Blowjob #Amateur #RIPNSFW") -> {New} Alanna Pow https://streamtape.com/v/xowdjrVJGKfkb1A/77110509 https://lulustream.com/d/h3ip8zl4hjvi https://doodstream.com/d/lo75arpa05jl/77110509 (2026) #BigTits #Creampie #Hardcore #Bigass #Teen #Blowjob #Amateur #RIPNSFW | N39: #BigTits #Creampie #Hardcore #Bigass #Teen #Blowjob #Amateur | O39: https://thumb.tapecontent.net/thumb/xowdjrVJGKfkb1A/l2LmwJD111i7xOV.jpg
A40: Alanna Pow - 77255491 - MLRaw.jpg | B40: {New} | C40: =LEFT(A40,FIND("-",A40)-1) -> Alanna Pow | D40: https://doodstream.com/d/n3cnt005y6co/ | E40: https://lulustream.com/d/n44rz82hlsvm | F40: =IFERROR(__xludf.DUMMYFUNCTION("""https://streamtape.com/v/""& REGEXEXTRACT(O40,""/thumb/([^/]+)/"")& ""/""&K40"),"https://streamtape.com/v/1Amr9mdOkoIewrA/77255491") -> https://streamtape.com/v/1Amr9mdOkoIewrA/77255491 | G40: =_xludf.CONCAT(D40,K40) -> #NAME? | H40: =IFERROR(__xludf.DUMMYFUNCTION("IFERROR(SUBSTITUTE(SUBSTITUTE(REGEXEXTRACT(A40, ""[^-]+- [^-]+- [^-]+ - (.+?)\.jpg""), "".jpg"", """"), ""-"", "", ""), """")"),"") | J40: =IF(B40="{New}", "(" & YEAR(TODAY()) & ")", "") -> (2026) | K40: =MID(A40,FIND("-",A40)+2,8) -> 77255491 | L40: #BigTits, #Bigass, #Teen, #Blowjob | M40: =IFERROR(__xludf.DUMMYFUNCTION("TRIM( REGEXREPLACE( TEXTJOIN("" "", TRUE, B40, C40, embaralharLinks(E40,F40,G40), H40, """", J40, N40, ""#RIPNSFW"" ), "",\s*"", "" "") )"),"{New} Alanna Pow https://doodstream.com/d/n3cnt005y6co/77255491 https://lulustream.com/d/n44rz82hlsvm https://streamtape.com/v/1Amr9mdOkoIewrA/77255491 (2026) #BigTits #Bigass #Teen #Blowjob #RIPNSFW") -> {New} Alanna Pow https://doodstream.com/d/n3cnt005y6co/77255491 https://lulustream.com/d/n44rz82hlsvm https://streamtape.com/v/1Amr9mdOkoIewrA/77255491 (2026) #BigTits #Bigass #Teen #Blowjob #RIPNSFW | N40: #BigTits #Bigass #Teen #Blowjob | O40: https://thumb.tapecontent.net/thumb/1Amr9mdOkoIewrA/jqDYDKlYBBUzyvd.jpg
A41: Alanna Pow - 77572365 - ripnsfw.com.jpg | B41: {New} | C41: =LEFT(A41,FIND("-",A41)-1) -> Alanna Pow | D41: https://doodstream.com/d/bva6j26echa2/ | E41: https://lulustream.com/d/f5np0s394jla | F41: =IFERROR(__xludf.DUMMYFUNCTION("""https://streamtape.com/v/""& REGEXEXTRACT(O41,""/thumb/([^/]+)/"")& ""/""&K41"),"https://streamtape.com/v/we1GLVXzg2SVoO/77572365") -> https://streamtape.com/v/we1GLVXzg2SVoO/77572365 | G41: =_xludf.CONCAT(D41,K41) -> #NAME? | H41: =IFERROR(__xludf.DUMMYFUNCTION("IFERROR(SUBSTITUTE(SUBSTITUTE(REGEXEXTRACT(A41, ""[^-]+- [^-]+- [^-]+ - (.+?)\.jpg""), "".jpg"", """"), ""-"", "", ""), """")"),"") | J41: =IF(B41="{New}", "(" & YEAR(TODAY()) & ")", "") -> (2026) | K41: =MID(A41,FIND("-",A41)+2,8) -> 77572365 | L41: #BigTits, #Hardcore, #Bigass, #Teen, #Blowjob, #Amateur, #Deepthroat, #Blonde, #Facial | M41: =IFERROR(__xludf.DUMMYFUNCTION("TRIM( REGEXREPLACE( TEXTJOIN("" "", TRUE, B41, C41, embaralharLinks(E41,F41,G41), H41, """", J41, N41, ""#RIPNSFW"" ), "",\s*"", "" "") )"),"{New} Alanna Pow https://doodstream.com/d/bva6j26echa2/77572365 https://lulustream.com/d/f5np0s394jla https://streamtape.com/v/we1GLVXzg2SVoO/77572365 (2026) #BigTits #Hardcore #Bigass #Teen #Blowjob #Amateur #Deepthroat #RIPNSFW") -> {New} Alanna Pow https://doodstream.com/d/bva6j26echa2/77572365 https://lulustream.com/d/f5np0s394jla https://streamtape.com/v/we1GLVXzg2SVoO/77572365 (2026) #BigTits #Hardcore #Bigass #Teen #Blowjob #Amateur #Deepthroat #RIPNSFW | N41: #BigTits #Hardcore #Bigass #Teen #Blowjob #Amateur #Deepthroat | O41: https://thumb.tapecontent.net/thumb/we1GLVXzg2SVoO/wP0R43x9d1HJ2DO.jpg
A42: Alanna Pow - 78660470 - Onlyfans.jpg | B42: {New} | C42: =LEFT(A42,FIND("-",A42)-1) -> Alanna Pow | D42: https://doodstream.com/d/l2vlihsizlsp/ | E42: https://lulustream.com/d/6sutlqcipmaa | F42: =IFERROR(__xludf.DUMMYFUNCTION("""https://streamtape.com/v/""& REGEXEXTRACT(O42,""/thumb/([^/]+)/"")& ""/""&K42"),"https://streamtape.com/v/warzBvYPL8hJ8yz/78660470") -> https://streamtape.com/v/warzBvYPL8hJ8yz/78660470 | G42: =_xludf.CONCAT(D42,K42) -> #NAME? | H42: =IFERROR(__xludf.DUMMYFUNCTION("IFERROR(SUBSTITUTE(SUBSTITUTE(REGEXEXTRACT(A42, ""[^-]+- [^-]+- [^-]+ - (.+?)\.jpg""), "".jpg"", """"), ""-"", "", ""), """")"),"") | J42: =IF(B42="{New}", "(" & YEAR(TODAY()) & ")", "") -> (2026) | K42: =MID(A42,FIND("-",A42)+2,8) -> 78660470 | L42: #BigTits, #Bigass, #Teen, #Blowjob | M42: =IFERROR(__xludf.DUMMYFUNCTION("TRIM( REGEXREPLACE( TEXTJOIN("" "", TRUE, B42, C42, embaralharLinks(E42,F42,G42), H42, """", J42, N42, ""#RIPNSFW"" ), "",\s*"", "" "") )"),"{New} Alanna Pow https://streamtape.com/v/warzBvYPL8hJ8yz/78660470 https://lulustream.com/d/6sutlqcipmaa https://doodstream.com/d/l2vlihsizlsp/78660470 (2026) #BigTits #Bigass #Teen #Blowjob #RIPNSFW") -> {New} Alanna Pow https://streamtape.com/v/warzBvYPL8hJ8yz/78660470 https://lulustream.com/d/6sutlqcipmaa https://doodstream.com/d/l2vlihsizlsp/78660470 (2026) #BigTits #Bigass #Teen #Blowjob #RIPNSFW | N42: #BigTits #Bigass #Teen #Blowjob | O42: https://thumb.tapecontent.net/thumb/warzBvYPL8hJ8yz/V6YYKlbvP8IK2LA.jpg
A43: Alanna Pow - 80920208 - ripnsfw.com.jpg | B43: {New} | C43: =LEFT(A43,FIND("-",A43)-1) -> Alanna Pow | D43: https://doodstream.com/d/ii13qj2g8fuz/ | E43: https://lulustream.com/d/chd0o20sjqrm | F43: =IFERROR(__xludf.DUMMYFUNCTION("""https://streamtape.com/v/""& REGEXEXTRACT(O43,""/thumb/([^/]+)/"")& ""/""&K43"),"https://streamtape.com/v/MAeAV7PBxwFmb0Z/80920208") -> https://streamtape.com/v/MAeAV7PBxwFmb0Z/80920208 | G43: =_xludf.CONCAT(D43,K43) -> #NAME? | H43: =IFERROR(__xludf.DUMMYFUNCTION("IFERROR(SUBSTITUTE(SUBSTITUTE(REGEXEXTRACT(A43, ""[^-]+- [^-]+- [^-]+ - (.+?)\.jpg""), "".jpg"", """"), ""-"", "", ""), """")"),"") | J43: =IF(B43="{New}", "(" & YEAR(TODAY()) & ")", "") -> (2026) | K43: =MID(A43,FIND("-",A43)+2,8) -> 80920208 | L43: #BigTits, #Hardcore, #Black, #Interracial, #Bigass, #Teen, #Blowjob, #Amateur, #Blonde | M43: =IFERROR(__xludf.DUMMYFUNCTION("TRIM( REGEXREPLACE( TEXTJOIN("" "", TRUE, B43, C43, embaralharLinks(E43,F43,G43), H43, """", J43, N43, ""#RIPNSFW"" ), "",\s*"", "" "") )"),"{New} Alanna Pow https://streamtape.com/v/MAeAV7PBxwFmb0Z/80920208 https://doodstream.com/d/ii13qj2g8fuz/80920208 https://lulustream.com/d/chd0o20sjqrm (2026) #BigTits #Hardcore #Black #Interracial #Bigass #Teen #Blowjob #Amateur #RIPNSFW") -> {New} Alanna Pow https://streamtape.com/v/MAeAV7PBxwFmb0Z/80920208 https://doodstream.com/d/ii13qj2g8fuz/80920208 https://lulustream.com/d/chd0o20sjqrm (2026) #BigTits #Hardcore #Black #Interracial #Bigass #Teen #Blowjob #Amateur #RIPNSFW | N43: #BigTits #Hardcore #Black #Interracial #Bigass #Teen #Blowjob #Amateur | O43: https://thumb.tapecontent.net/thumb/MAeAV7PBxwFmb0Z/r8W7yQoGkdhbrqX.jpg
A44: Alanna Pow - 81325680 - Onlyfans.jpg | B44: {New} | C44: =LEFT(A44,FIND("-",A44)-1) -> Alanna Pow | D44: https://doodstream.com/d/idgf7lxlmdwy/ | E44: https://lulustream.com/d/pud0bkebjtup | F44: =IFERROR(__xludf.DUMMYFUNCTION("""https://streamtape.com/v/""& REGEXEXTRACT(O44,""/thumb/([^/]+)/"")& ""/""&K44"),"https://streamtape.com/v/Z3jZOylr2xtqqjm/81325680") -> https://streamtape.com/v/Z3jZOylr2xtqqjm/81325680 | G44: =_xludf.CONCAT(D44,K44) -> #NAME? | H44: =IFERROR(__xludf.DUMMYFUNCTION("IFERROR(SUBSTITUTE(SUBSTITUTE(REGEXEXTRACT(A44, ""[^-]+- [^-]+- [^-]+ - (.+?)\.jpg""), "".jpg"", """"), ""-"", "", ""), """")"),"") | J44: =IF(B44="{New}", "(" & YEAR(TODAY()) & ")", "") -> (2026) | K44: =MID(A44,FIND("-",A44)+2,8) -> 81325680 | L44: #BigTits, #Hardcore, #Black, #Interracial, #Bigass, #Teen, #Blowjob, #Amateur, #Deepthroat, #Blonde | M44: =IFERROR(__xludf.DUMMYFUNCTION("TRIM( REGEXREPLACE( TEXTJOIN("" "", TRUE, B44, C44, embaralharLinks(E44,F44,G44), H44, """", J44, N44, ""#RIPNSFW"" ), "",\s*"", "" "") )"),"{New} Alanna Pow https://lulustream.com/d/pud0bkebjtup https://streamtape.com/v/Z3jZOylr2xtqqjm/81325680 https://doodstream.com/d/idgf7lxlmdwy/81325680 (2026) #BigTits #Hardcore #Black #Interracial #Bigass #Teen #Blowjob #Amateur #Deepthroat #Blonde #RIPN"&"SFW") -> {New} Alanna Pow https://lulustream.com/d/pud0bkebjtup https://streamtape.com/v/Z3jZOylr2xtqqjm/81325680 https://doodstream.com/d/idgf7lxlmdwy/81325680 (2026) #BigTits #Hardcore #Black #Interracial #Bigass #Teen #Blowjob #Amateur #Deepthroat #Blonde #RIPNSFW | N44: #BigTits #Hardcore #Black #Interracial #Bigass #Teen #Blowjob #Amateur #Deepthroat #Blonde | O44: https://thumb.tapecontent.net/thumb/Z3jZOylr2xtqqjm/d8LgJkR4lmukd8J.jpg
A45: Alanna Pow - 84063058 - ripnsfw.com.jpg | B45: {New} | C45: =LEFT(A45,FIND("-",A45)-1) -> Alanna Pow | D45: https://doodstream.com/d/ukhh38ydoxtu/ | E45: https://lulustream.com/d/rj3sc527uqgq | F45: =IFERROR(__xludf.DUMMYFUNCTION("""https://streamtape.com/v/""& REGEXEXTRACT(O45,""/thumb/([^/]+)/"")& ""/""&K45"),"https://streamtape.com/v/7Po6mgVeJOtA084/84063058") -> https://streamtape.com/v/7Po6mgVeJOtA084/84063058 | G45: =_xludf.CONCAT(D45,K45) -> #NAME? | H45: =IFERROR(__xludf.DUMMYFUNCTION("IFERROR(SUBSTITUTE(SUBSTITUTE(REGEXEXTRACT(A45, ""[^-]+- [^-]+- [^-]+ - (.+?)\.jpg""), "".jpg"", """"), ""-"", "", ""), """")"),"") | J45: =IF(B45="{New}", "(" & YEAR(TODAY()) & ")", "") -> (2026) | K45: =MID(A45,FIND("-",A45)+2,8) -> 84063058 | L45: #BigTits, #Hardcore, #Black, #Interracial, #Bigass, #Teen, #Blowjob, #Amateur, #Blonde, #Facial | M45: =IFERROR(__xludf.DUMMYFUNCTION("TRIM( REGEXREPLACE( TEXTJOIN("" "", TRUE, B45, C45, embaralharLinks(E45,F45,G45), H45, """", J45, N45, ""#RIPNSFW"" ), "",\s*"", "" "") )"),"{New} Alanna Pow https://lulustream.com/d/rj3sc527uqgq https://streamtape.com/v/7Po6mgVeJOtA084/84063058 https://doodstream.com/d/ukhh38ydoxtu/84063058 (2026) #BigTits #Hardcore #Black #Interracial #Bigass #Teen #Blowjob #Amateur #RIPNSFW") -> {New} Alanna Pow https://lulustream.com/d/rj3sc527uqgq https://streamtape.com/v/7Po6mgVeJOtA084/84063058 https://doodstream.com/d/ukhh38ydoxtu/84063058 (2026) #BigTits #Hardcore #Black #Interracial #Bigass #Teen #Blowjob #Amateur #RIPNSFW | N45: #BigTits #Hardcore #Black #Interracial #Bigass #Teen #Blowjob #Amateur | O45: https://thumb.tapecontent.net/thumb/7Po6mgVeJOtA084/6KA3aRVzWet9DBk.jpg
A46: Alanna Pow - 84414746 - Onlyfans.jpg | B46: {New} | C46: =LEFT(A46,FIND("-",A46)-1) -> Alanna Pow | D46: https://doodstream.com/d/5agd24f6vzee/ | E46: https://lulustream.com/d/hjj6wbwncvnm | F46: =IFERROR(__xludf.DUMMYFUNCTION("""https://streamtape.com/v/""& REGEXEXTRACT(O46,""/thumb/([^/]+)/"")& ""/""&K46"),"https://streamtape.com/v/ZD426161a2CqJDX/84414746") -> https://streamtape.com/v/ZD426161a2CqJDX/84414746 | G46: =_xludf.CONCAT(D46,K46) -> #NAME? | H46: =IFERROR(__xludf.DUMMYFUNCTION("IFERROR(SUBSTITUTE(SUBSTITUTE(REGEXEXTRACT(A46, ""[^-]+- [^-]+- [^-]+ - (.+?)\.jpg""), "".jpg"", """"), ""-"", "", ""), """")"),"") | J46: =IF(B46="{New}", "(" & YEAR(TODAY()) & ")", "") -> (2026) | K46: =MID(A46,FIND("-",A46)+2,8) -> 84414746 | L46: #BigTits, #Bigass, #Teen, #Blowjob | M46: =IFERROR(__xludf.DUMMYFUNCTION("TRIM( REGEXREPLACE( TEXTJOIN("" "", TRUE, B46, C46, embaralharLinks(E46,F46,G46), H46, """", J46, N46, ""#RIPNSFW"" ), "",\s*"", "" "") )"),"{New} Alanna Pow https://doodstream.com/d/5agd24f6vzee/84414746 https://lulustream.com/d/hjj6wbwncvnm https://streamtape.com/v/ZD426161a2CqJDX/84414746 (2026) #BigTits #Bigass #Teen #Blowjob #RIPNSFW") -> {New} Alanna Pow https://doodstream.com/d/5agd24f6vzee/84414746 https://lulustream.com/d/hjj6wbwncvnm https://streamtape.com/v/ZD426161a2CqJDX/84414746 (2026) #BigTits #Bigass #Teen #Blowjob #RIPNSFW | N46: #BigTits #Bigass #Teen #Blowjob | O46: https://thumb.tapecontent.net/thumb/ZD426161a2CqJDX/lW4gQXGzw7I7XJ1.jpg
A47: Alanna Pow - 86395221 - Onlyfans.jpg | B47: {New} | C47: =LEFT(A47,FIND("-",A47)-1) -> Alanna Pow | D47: https://doodstream.com/d/943t8c0h0wlt/ | E47: https://lulustream.com/d/omd0xazrw4q7 | F47: =IFERROR(__xludf.DUMMYFUNCTION("""https://streamtape.com/v/""& REGEXEXTRACT(O47,""/thumb/([^/]+)/"")& ""/""&K47"),"https://streamtape.com/v/yPm389gA39FKdg/86395221") -> https://streamtape.com/v/yPm389gA39FKdg/86395221 | G47: =_xludf.CONCAT(D47,K47) -> #NAME? | H47: =IFERROR(__xludf.DUMMYFUNCTION("IFERROR(SUBSTITUTE(SUBSTITUTE(REGEXEXTRACT(A47, ""[^-]+- [^-]+- [^-]+ - (.+?)\.jpg""), "".jpg"", """"), ""-"", "", ""), """")"),"") | J47: =IF(B47="{New}", "(" & YEAR(TODAY()) & ")", "") -> (2026) | K47: =MID(A47,FIND("-",A47)+2,8) -> 86395221 | L47: #BigTits, #Creampie, #Hardcore, #Bigass, #Teen, #Artporn, #Blowjob, #Amateur, #Hotwife, #Deepthroat, #Blonde | M47: =IFERROR(__xludf.DUMMYFUNCTION("TRIM( REGEXREPLACE( TEXTJOIN("" "", TRUE, B47, C47, embaralharLinks(E47,F47,G47), H47, """", J47, N47, ""#RIPNSFW"" ), "",\s*"", "" "") )"),"{New} Alanna Pow https://doodstream.com/d/943t8c0h0wlt/86395221 https://streamtape.com/v/yPm389gA39FKdg/86395221 https://lulustream.com/d/omd0xazrw4q7 (2026) #BigTits #Creampie #Hardcore #Bigass #Teen #Artporn #RIPNSFW") -> {New} Alanna Pow https://doodstream.com/d/943t8c0h0wlt/86395221 https://streamtape.com/v/yPm389gA39FKdg/86395221 https://lulustream.com/d/omd0xazrw4q7 (2026) #BigTits #Creampie #Hardcore #Bigass #Teen #Artporn #RIPNSFW | N47: #BigTits #Creampie #Hardcore #Bigass #Teen #Artporn | O47: https://thumb.tapecontent.net/thumb/yPm389gA39FKdg/yDg6YDV294h14MQ.jpg
A48: Alanna Pow - 87263949 - Onlyfans.jpg | B48: {New} | C48: =LEFT(A48,FIND("-",A48)-1) -> Alanna Pow | D48: https://doodstream.com/d/warnpb1kn0d3/ | E48: https://lulustream.com/d/fcrm9u5aul6f | F48: =IFERROR(__xludf.DUMMYFUNCTION("""https://streamtape.com/v/""& REGEXEXTRACT(O48,""/thumb/([^/]+)/"")& ""/""&K48"),"https://streamtape.com/v/eV7yAgdakDCom8/87263949") -> https://streamtape.com/v/eV7yAgdakDCom8/87263949 | G48: =_xludf.CONCAT(D48,K48) -> #NAME? | H48: =IFERROR(__xludf.DUMMYFUNCTION("IFERROR(SUBSTITUTE(SUBSTITUTE(REGEXEXTRACT(A48, ""[^-]+- [^-]+- [^-]+ - (.+?)\.jpg""), "".jpg"", """"), ""-"", "", ""), """")"),"") | J48: =IF(B48="{New}", "(" & YEAR(TODAY()) & ")", "") -> (2026) | K48: =MID(A48,FIND("-",A48)+2,8) -> 87263949 | L48: #BigTits, #Hardcore, #Bigass, #Teen | M48: =IFERROR(__xludf.DUMMYFUNCTION("TRIM( REGEXREPLACE( TEXTJOIN("" "", TRUE, B48, C48, embaralharLinks(E48,F48,G48), H48, """", J48, N48, ""#RIPNSFW"" ), "",\s*"", "" "") )"),"{New} Alanna Pow https://doodstream.com/d/warnpb1kn0d3/87263949 https://lulustream.com/d/fcrm9u5aul6f https://streamtape.com/v/eV7yAgdakDCom8/87263949 (2026) #BigTits #Hardcore #Bigass #Teen #RIPNSFW") -> {New} Alanna Pow https://doodstream.com/d/warnpb1kn0d3/87263949 https://lulustream.com/d/fcrm9u5aul6f https://streamtape.com/v/eV7yAgdakDCom8/87263949 (2026) #BigTits #Hardcore #Bigass #Teen #RIPNSFW | N48: #BigTits #Hardcore #Bigass #Teen | O48: https://thumb.tapecontent.net/thumb/eV7yAgdakDCom8/mLBYq0XKL2UbPar.jpg
A49: Alanna Pow - 93326301 - Onlyfans.jpg | B49: {New} | C49: =LEFT(A49,FIND("-",A49)-1) -> Alanna Pow | D49: https://doodstream.com/d/t1bvn6pj7bcl/ | E49: https://lulustream.com/d/6qcb09xoe02o | F49: =IFERROR(__xludf.DUMMYFUNCTION("""https://streamtape.com/v/""& REGEXEXTRACT(O49,""/thumb/([^/]+)/"")& ""/""&K49"),"https://streamtape.com/v/GG3yA9OXKXH11pj/93326301") -> https://streamtape.com/v/GG3yA9OXKXH11pj/93326301 | G49: =_xludf.CONCAT(D49,K49) -> #NAME? | H49: =IFERROR(__xludf.DUMMYFUNCTION("IFERROR(SUBSTITUTE(SUBSTITUTE(REGEXEXTRACT(A49, ""[^-]+- [^-]+- [^-]+ - (.+?)\.jpg""), "".jpg"", """"), ""-"", "", ""), """")"),"") | J49: =IF(B49="{New}", "(" & YEAR(TODAY()) & ")", "") -> (2026) | K49: =MID(A49,FIND("-",A49)+2,8) -> 93326301 | L49: #BigTits, #Bigass, #Teen, #Blowjob | M49: =IFERROR(__xludf.DUMMYFUNCTION("TRIM( REGEXREPLACE( TEXTJOIN("" "", TRUE, B49, C49, embaralharLinks(E49,F49,G49), H49, """", J49, N49, ""#RIPNSFW"" ), "",\s*"", "" "") )"),"{New} Alanna Pow https://streamtape.com/v/GG3yA9OXKXH11pj/93326301 https://doodstream.com/d/t1bvn6pj7bcl/93326301 https://lulustream.com/d/6qcb09xoe02o (2026) #BigTits #Bigass #Teen #Blowjob #RIPNSFW") -> {New} Alanna Pow https://streamtape.com/v/GG3yA9OXKXH11pj/93326301 https://doodstream.com/d/t1bvn6pj7bcl/93326301 https://lulustream.com/d/6qcb09xoe02o (2026) #BigTits #Bigass #Teen #Blowjob #RIPNSFW | N49: #BigTits #Bigass #Teen #Blowjob | O49: https://thumb.tapecontent.net/thumb/GG3yA9OXKXH11pj/ewverM4XMyhZWK.jpg
A50: Alexa Pearl - 14477911 - ripnsfw.com.jpg | B50: {New} | C50: =LEFT(A50,FIND("-",A50)-1) -> Alexa Pearl | D50: https://doodstream.com/d/cw2l8wn9o7oj/ | E50: https://lulustream.com/d/lg2ts518zzpi | F50: =IFERROR(__xludf.DUMMYFUNCTION("""https://streamtape.com/v/""& REGEXEXTRACT(O50,""/thumb/([^/]+)/"")& ""/""&K50"),"https://streamtape.com/v/wyOy6249ZRhJOkL/14477911") -> https://streamtape.com/v/wyOy6249ZRhJOkL/14477911 | G50: =_xludf.CONCAT(D50,K50) -> #NAME? | J50: =IF(B50="{New}", "(" & YEAR(TODAY()) & ")", "") -> (2026) | K50: =MID(A50,FIND("-",A50)+2,8) -> 14477911 | L50: #MILF, #BigTits, #Blowjob, #Amateur, #Hotwife, #Deepthroat | M50: =IFERROR(__xludf.DUMMYFUNCTION("TRIM( REGEXREPLACE( TEXTJOIN("" "", TRUE, B50, C50, embaralharLinks(E50,F50,G50), H50, """", J50, N50, ""#RIPNSFW"" ), "",\s*"", "" "") )"),"{New} Alexa Pearl https://streamtape.com/v/wyOy6249ZRhJOkL/14477911 https://doodstream.com/d/cw2l8wn9o7oj/14477911 https://lulustream.com/d/lg2ts518zzpi (2026) #MILF #BigTits #Blowjob #Amateur #RIPNSFW") -> {New} Alexa Pearl https://streamtape.com/v/wyOy6249ZRhJOkL/14477911 https://doodstream.com/d/cw2l8wn9o7oj/14477911 https://lulustream.com/d/lg2ts518zzpi (2026) #MILF #BigTits #Blowjob #Amateur #RIPNSFW | N50: #MILF #BigTits #Blowjob #Amateur | O50: https://thumb.tapecontent.net/thumb/wyOy6249ZRhJOkL/3GADzeR2q9HdvOD.jpg
A51: Alexa Pearl - 16686970 - ripnsfw.com.jpg | B51: {New} | C51: =LEFT(A51,FIND("-",A51)-1) -> Alexa Pearl | D51: https://doodstream.com/d/5nrr1up8wwzv/ | E51: https://lulustream.com/d/m7tm077lrbp0 | F51: =IFERROR(__xludf.DUMMYFUNCTION("""https://streamtape.com/v/""& REGEXEXTRACT(O51,""/thumb/([^/]+)/"")& ""/""&K51"),"https://streamtape.com/v/7BXjdjWoJ9UAalX/16686970") -> https://streamtape.com/v/7BXjdjWoJ9UAalX/16686970 | G51: =_xludf.CONCAT(D51,K51) -> #NAME? | J51: =IF(B51="{New}", "(" & YEAR(TODAY()) & ")", "") -> (2026) | K51: =MID(A51,FIND("-",A51)+2,8) -> 16686970 | L51: #MILF, #BigTits, #Hardcore, #Bigass, #Blowjob, #Amateur, #Hotwife, #Deepthroat, #Facial | M51: =IFERROR(__xludf.DUMMYFUNCTION("TRIM( REGEXREPLACE( TEXTJOIN("" "", TRUE, B51, C51, embaralharLinks(E51,F51,G51), H51, """", J51, N51, ""#RIPNSFW"" ), "",\s*"", "" "") )"),"{New} Alexa Pearl https://streamtape.com/v/7BXjdjWoJ9UAalX/16686970 https://doodstream.com/d/5nrr1up8wwzv/16686970 https://lulustream.com/d/m7tm077lrbp0 (2026) #MILF #BigTits #Hardcore #Bigass #Blowjob #Amateur #Hotwife #Deepthroat #Facial #RIPNSFW") -> {New} Alexa Pearl https://streamtape.com/v/7BXjdjWoJ9UAalX/16686970 https://doodstream.com/d/5nrr1up8wwzv/16686970 https://lulustream.com/d/m7tm077lrbp0 (2026) #MILF #BigTits #Hardcore #Bigass #Blowjob #Amateur #Hotwife #Deepthroat #Facial #RIPNSFW | N51: #MILF #BigTits #Hardcore #Bigass #Blowjob #Amateur #Hotwife #Deepthroat #Facial | O51: https://thumb.tapecontent.net/thumb/7BXjdjWoJ9UAalX/9pxBmJpLv3hOQY.jpg
A52: Alexa Pearl - 28778788 - ripnsfw.com.jpg | B52: {New} | C52: =LEFT(A52,FIND("-",A52)-1) -> Alexa Pearl | D52: https://doodstream.com/d/ytekooxy04u9/ | E52: https://lulustream.com/d/086tzp1hm5qe | F52: =IFERROR(__xludf.DUMMYFUNCTION("""https://streamtape.com/v/""& REGEXEXTRACT(O52,""/thumb/([^/]+)/"")& ""/""&K52"),"https://streamtape.com/v/6PVmoGxlb9C9rxx/28778788") -> https://streamtape.com/v/6PVmoGxlb9C9rxx/28778788 | G52: =_xludf.CONCAT(D52,K52) -> #NAME? | J52: =IF(B52="{New}", "(" & YEAR(TODAY()) & ")", "") -> (2026) | K52: =MID(A52,FIND("-",A52)+2,8) -> 28778788 | L52: #MILF, #BigTits, #Creampie, #Hardcore, #Amateur, #Mature, #Hotwife | M52: =IFERROR(__xludf.DUMMYFUNCTION("TRIM( REGEXREPLACE( TEXTJOIN("" "", TRUE, B52, C52, embaralharLinks(E52,F52,G52), H52, """", J52, N52, ""#RIPNSFW"" ), "",\s*"", "" "") )"),"{New} Alexa Pearl https://streamtape.com/v/6PVmoGxlb9C9rxx/28778788 https://doodstream.com/d/ytekooxy04u9/28778788 https://lulustream.com/d/086tzp1hm5qe (2026) #MILF #BigTits #Creampie #Hardcore #Amateur #RIPNSFW") -> {New} Alexa Pearl https://streamtape.com/v/6PVmoGxlb9C9rxx/28778788 https://doodstream.com/d/ytekooxy04u9/28778788 https://lulustream.com/d/086tzp1hm5qe (2026) #MILF #BigTits #Creampie #Hardcore #Amateur #RIPNSFW | N52: #MILF #BigTits #Creampie #Hardcore #Amateur | O52: https://thumb.tapecontent.net/thumb/6PVmoGxlb9C9rxx/PkzMMGOYdDs0Krb.jpg
A53: Alexa Pearl - 80325730 - ripnsfw.com.jpg | B53: {New} | C53: =LEFT(A53,FIND("-",A53)-1) -> Alexa Pearl | D53: https://doodstream.com/d/a1is4c7ebkv8/ | E53: https://lulustream.com/d/7odeb2yjvzzm | F53: =IFERROR(__xludf.DUMMYFUNCTION("""https://streamtape.com/v/""& REGEXEXTRACT(O53,""/thumb/([^/]+)/"")& ""/""&K53"),"https://streamtape.com/v/O66WL4RL6wfZyqy/80325730") -> https://streamtape.com/v/O66WL4RL6wfZyqy/80325730 | G53: =_xludf.CONCAT(D53,K53) -> #NAME? | J53: =IF(B53="{New}", "(" & YEAR(TODAY()) & ")", "") -> (2026) | K53: =MID(A53,FIND("-",A53)+2,8) -> 80325730 | L53: #MILF, #BigTits, #Roleplay, #Solo, #Pregnant | M53: =IFERROR(__xludf.DUMMYFUNCTION("TRIM( REGEXREPLACE( TEXTJOIN("" "", TRUE, B53, C53, embaralharLinks(E53,F53,G53), H53, """", J53, N53, ""#RIPNSFW"" ), "",\s*"", "" "") )"),"{New} Alexa Pearl https://streamtape.com/v/O66WL4RL6wfZyqy/80325730 https://lulustream.com/d/7odeb2yjvzzm https://doodstream.com/d/a1is4c7ebkv8/80325730 (2026) #MILF #BigTits #Roleplay #Solo #RIPNSFW") -> {New} Alexa Pearl https://streamtape.com/v/O66WL4RL6wfZyqy/80325730 https://lulustream.com/d/7odeb2yjvzzm https://doodstream.com/d/a1is4c7ebkv8/80325730 (2026) #MILF #BigTits #Roleplay #Solo #RIPNSFW | N53: #MILF #BigTits #Roleplay #Solo | O53: https://thumb.tapecontent.net/thumb/O66WL4RL6wfZyqy/OkvkJ1GYlecZdBa.jpg
A54: Alexa Pearl - 96147684 - ripnsfw.com.jpg | B54: {New} | C54: =LEFT(A54,FIND("-",A54)-1) -> Alexa Pearl | D54: https://doodstream.com/d/ryn4ydg0uoc3/ | E54: https://lulustream.com/d/npfjbb6e8a86 | F54: =IFERROR(__xludf.DUMMYFUNCTION("""https://streamtape.com/v/""& REGEXEXTRACT(O54,""/thumb/([^/]+)/"")& ""/""&K54"),"https://streamtape.com/v/39yZ9V1ARLIAXQ/96147684") -> https://streamtape.com/v/39yZ9V1ARLIAXQ/96147684 | G54: =_xludf.CONCAT(D54,K54) -> #NAME? | J54: =IF(B54="{New}", "(" & YEAR(TODAY()) & ")", "") -> (2026) | K54: =MID(A54,FIND("-",A54)+2,8) -> 96147684 | L54: #MILF, #BigTits, #Stepmom, #Blowjob, #Amateur, #Hotwife | M54: =IFERROR(__xludf.DUMMYFUNCTION("TRIM( REGEXREPLACE( TEXTJOIN("" "", TRUE, B54, C54, embaralharLinks(E54,F54,G54), H54, """", J54, N54, ""#RIPNSFW"" ), "",\s*"", "" "") )"),"{New} Alexa Pearl https://lulustream.com/d/npfjbb6e8a86 https://doodstream.com/d/ryn4ydg0uoc3/96147684 https://streamtape.com/v/39yZ9V1ARLIAXQ/96147684 (2026) #MILF #BigTits #Stepmom #Blowjob #RIPNSFW") -> {New} Alexa Pearl https://lulustream.com/d/npfjbb6e8a86 https://doodstream.com/d/ryn4ydg0uoc3/96147684 https://streamtape.com/v/39yZ9V1ARLIAXQ/96147684 (2026) #MILF #BigTits #Stepmom #Blowjob #RIPNSFW | N54: #MILF #BigTits #Stepmom #Blowjob | O54: https://thumb.tapecontent.net/thumb/39yZ9V1ARLIAXQ/3dagpQa8mMFddmx.jpg
A55: Alexa Pearl - 98658557 - Onlyfans.jpg | B55: {New} | C55: =LEFT(A55,FIND("-",A55)-1) -> Alexa Pearl | D55: https://doodstream.com/d/y87gyt76nzx0/ | E55: https://lulustream.com/d/fcsuilxwk1qo | F55: =IFERROR(__xludf.DUMMYFUNCTION("""https://streamtape.com/v/""& REGEXEXTRACT(O55,""/thumb/([^/]+)/"")& ""/""&K55"),"https://streamtape.com/v/0Jo4q3lRQ6hD7w/98658557") -> https://streamtape.com/v/0Jo4q3lRQ6hD7w/98658557 | G55: =_xludf.CONCAT(D55,K55) -> #NAME? | J55: =IF(B55="{New}", "(" & YEAR(TODAY()) & ")", "") -> (2026) | K55: =MID(A55,FIND("-",A55)+2,8) -> 98658557 | L55: #MILF, #BigTits, #Roleplay, #Stepmom | M55: =IFERROR(__xludf.DUMMYFUNCTION("TRIM( REGEXREPLACE( TEXTJOIN("" "", TRUE, B55, C55, embaralharLinks(E55,F55,G55), H55, """", J55, N55, ""#RIPNSFW"" ), "",\s*"", "" "") )"),"{New} Alexa Pearl https://streamtape.com/v/0Jo4q3lRQ6hD7w/98658557 https://lulustream.com/d/fcsuilxwk1qo https://doodstream.com/d/y87gyt76nzx0/98658557 (2026) #MILF #BigTits #Roleplay #Stepmom #RIPNSFW") -> {New} Alexa Pearl https://streamtape.com/v/0Jo4q3lRQ6hD7w/98658557 https://lulustream.com/d/fcsuilxwk1qo https://doodstream.com/d/y87gyt76nzx0/98658557 (2026) #MILF #BigTits #Roleplay #Stepmom #RIPNSFW | N55: #MILF #BigTits #Roleplay #Stepmom | O55: https://thumb.tapecontent.net/thumb/0Jo4q3lRQ6hD7w/Z1rL2r3x06hy4L.jpg
A56: Alexis Fawx - 14749711 - ripnsfw.com.jpg | B56: {New} | C56: =LEFT(A56,FIND("-",A56)-1) -> Alexis Fawx | D56: https://doodstream.com/d/qh7ef1ea1nlp/ | E56: https://lulustream.com/d/4rih20zzj9rp | F56: =IFERROR(__xludf.DUMMYFUNCTION("""https://streamtape.com/v/""& REGEXEXTRACT(O56,""/thumb/([^/]+)/"")& ""/""&K56"),"https://streamtape.com/v/yxAW293KgAFyZB/14749711") -> https://streamtape.com/v/yxAW293KgAFyZB/14749711 | G56: =_xludf.CONCAT(D56,K56) -> #NAME? | H56: =IFERROR(__xludf.DUMMYFUNCTION("IFERROR(SUBSTITUTE(SUBSTITUTE(REGEXEXTRACT(A56, ""[^-]+- [^-]+- [^-]+ - (.+?)\.jpg""), "".jpg"", """"), ""-"", "", ""), """")"),"") | J56: =IF(B56="{New}", "(" & YEAR(TODAY()) & ")", "") -> (2026) | K56: =MID(A56,FIND("-",A56)+2,8) -> 14749711 | L56: #Anal, #MILF, #BigTits, #Hardcore, #Bigass, #Blowjob, #Amateur, #Facial | M56: =IFERROR(__xludf.DUMMYFUNCTION("TRIM( REGEXREPLACE( TEXTJOIN("" "", TRUE, B56, C56, embaralharLinks(E56,F56,G56), H56, """", J56, N56, ""#RIPNSFW"" ), "",\s*"", "" "") )"),"{New} Alexis Fawx https://doodstream.com/d/qh7ef1ea1nlp/14749711 https://streamtape.com/v/yxAW293KgAFyZB/14749711 https://lulustream.com/d/4rih20zzj9rp (2026) #Anal #MILF #BigTits #Hardcore #Bigass #Blowjob #RIPNSFW") -> {New} Alexis Fawx https://doodstream.com/d/qh7ef1ea1nlp/14749711 https://streamtape.com/v/yxAW293KgAFyZB/14749711 https://lulustream.com/d/4rih20zzj9rp (2026) #Anal #MILF #BigTits #Hardcore #Bigass #Blowjob #RIPNSFW | N56: #Anal #MILF #BigTits #Hardcore #Bigass #Blowjob | O56: https://thumb.tapecontent.net/thumb/yxAW293KgAFyZB/BjXo3eVPrwsyoQB.jpg
A57: Alexis Fawx - 76454201 - Onlyfans.jpg | B57: {New} | C57: =LEFT(A57,FIND("-",A57)-1) -> Alexis Fawx | D57: https://doodstream.com/d/50toyr4fnwc1/ | E57: https://lulustream.com/d/hm8mvhjahzlg | F57: =IFERROR(__xludf.DUMMYFUNCTION("""https://streamtape.com/v/""& REGEXEXTRACT(O57,""/thumb/([^/]+)/"")& ""/""&K57"),"https://streamtape.com/v/Q1Ya4ORQovh0bZG/76454201") -> https://streamtape.com/v/Q1Ya4ORQovh0bZG/76454201 | G57: =_xludf.CONCAT(D57,K57) -> #NAME? | H57: =IFERROR(__xludf.DUMMYFUNCTION("IFERROR(SUBSTITUTE(SUBSTITUTE(REGEXEXTRACT(A57, ""[^-]+- [^-]+- [^-]+ - (.+?)\.jpg""), "".jpg"", """"), ""-"", "", ""), """")"),"") | J57: =IF(B57="{New}", "(" & YEAR(TODAY()) & ")", "") -> (2026) | K57: =MID(A57,FIND("-",A57)+2,8) -> 76454201 | L57: #MILF, #BigTits, #Hardcore, #Bigass | M57: =IFERROR(__xludf.DUMMYFUNCTION("TRIM( REGEXREPLACE( TEXTJOIN("" "", TRUE, B57, C57, embaralharLinks(E57,F57,G57), H57, """", J57, N57, ""#RIPNSFW"" ), "",\s*"", "" "") )"),"{New} Alexis Fawx https://lulustream.com/d/hm8mvhjahzlg https://streamtape.com/v/Q1Ya4ORQovh0bZG/76454201 https://doodstream.com/d/50toyr4fnwc1/76454201 (2026) #MILF #BigTits #Hardcore #Bigass #RIPNSFW") -> {New} Alexis Fawx https://lulustream.com/d/hm8mvhjahzlg https://streamtape.com/v/Q1Ya4ORQovh0bZG/76454201 https://doodstream.com/d/50toyr4fnwc1/76454201 (2026) #MILF #BigTits #Hardcore #Bigass #RIPNSFW | N57: #MILF #BigTits #Hardcore #Bigass | O57: https://thumb.tapecontent.net/thumb/Q1Ya4ORQovh0bZG/kwxRQzazZrs89j.jpg
A58: Alexis Fawx - 78579747 - Onlyfans.jpg | B58: {New} | C58: =LEFT(A58,FIND("-",A58)-1) -> Alexis Fawx | D58: https://doodstream.com/d/vj95tselm4dy/ | E58: https://lulustream.com/d/bxieej7woryy | F58: =IFERROR(__xludf.DUMMYFUNCTION("""https://streamtape.com/v/""& REGEXEXTRACT(O58,""/thumb/([^/]+)/"")& ""/""&K58"),"https://streamtape.com/v/jVbjdr889QuzkMr/78579747") -> https://streamtape.com/v/jVbjdr889QuzkMr/78579747 | G58: =_xludf.CONCAT(D58,K58) -> #NAME? | H58: =IFERROR(__xludf.DUMMYFUNCTION("IFERROR(SUBSTITUTE(SUBSTITUTE(REGEXEXTRACT(A58, ""[^-]+- [^-]+- [^-]+ - (.+?)\.jpg""), "".jpg"", """"), ""-"", "", ""), """")"),"") | J58: =IF(B58="{New}", "(" & YEAR(TODAY()) & ")", "") -> (2026) | K58: =MID(A58,FIND("-",A58)+2,8) -> 78579747 | L58: #MILF, #BigTits, #Hardcore, #Threesome | M58: =IFERROR(__xludf.DUMMYFUNCTION("TRIM( REGEXREPLACE( TEXTJOIN("" "", TRUE, B58, C58, embaralharLinks(E58,F58,G58), H58, """", J58, N58, ""#RIPNSFW"" ), "",\s*"", "" "") )"),"{New} Alexis Fawx https://lulustream.com/d/bxieej7woryy https://doodstream.com/d/vj95tselm4dy/78579747 https://streamtape.com/v/jVbjdr889QuzkMr/78579747 (2026) #MILF #BigTits #Hardcore #Threesome #RIPNSFW") -> {New} Alexis Fawx https://lulustream.com/d/bxieej7woryy https://doodstream.com/d/vj95tselm4dy/78579747 https://streamtape.com/v/jVbjdr889QuzkMr/78579747 (2026) #MILF #BigTits #Hardcore #Threesome #RIPNSFW | N58: #MILF #BigTits #Hardcore #Threesome | O58: https://thumb.tapecontent.net/thumb/jVbjdr889QuzkMr/7dypXeJjgKiAOvK.jpg
A59: Alexis Fawx - 87280451 - Onlyfans.jpg | B59: {New} | C59: =LEFT(A59,FIND("-",A59)-1) -> Alexis Fawx | D59: https://doodstream.com/d/ppo6gc2uuh4p/ | E59: https://lulustream.com/d/ww8si6yh7rl2 | F59: =IFERROR(__xludf.DUMMYFUNCTION("""https://streamtape.com/v/""& REGEXEXTRACT(O59,""/thumb/([^/]+)/"")& ""/""&K59"),"https://streamtape.com/v/bGRz6J63VxTJep/87280451") -> https://streamtape.com/v/bGRz6J63VxTJep/87280451 | G59: =_xludf.CONCAT(D59,K59) -> #NAME? | H59: =IFERROR(__xludf.DUMMYFUNCTION("IFERROR(SUBSTITUTE(SUBSTITUTE(REGEXEXTRACT(A59, ""[^-]+- [^-]+- [^-]+ - (.+?)\.jpg""), "".jpg"", """"), ""-"", "", ""), """")"),"") | J59: =IF(B59="{New}", "(" & YEAR(TODAY()) & ")", "") -> (2026) | K59: =MID(A59,FIND("-",A59)+2,8) -> 87280451 | L59: #MILF, #BigTits, #Hardcore, #Bigass, #Stepmom, #Blowjob, #Amateur, #Mature, #Hotwife, #Deepthroat, #Facial | M59: =IFERROR(__xludf.DUMMYFUNCTION("TRIM( REGEXREPLACE( TEXTJOIN("" "", TRUE, B59, C59, embaralharLinks(E59,F59,G59), H59, """", J59, N59, ""#RIPNSFW"" ), "",\s*"", "" "") )"),"{New} Alexis Fawx https://doodstream.com/d/ppo6gc2uuh4p/87280451 https://streamtape.com/v/bGRz6J63VxTJep/87280451 https://lulustream.com/d/ww8si6yh7rl2 (2026) #MILF #BigTits #Hardcore #Bigass #Stepmom #Blowjob #Amateur #RIPNSFW") -> {New} Alexis Fawx https://doodstream.com/d/ppo6gc2uuh4p/87280451 https://streamtape.com/v/bGRz6J63VxTJep/87280451 https://lulustream.com/d/ww8si6yh7rl2 (2026) #MILF #BigTits #Hardcore #Bigass #Stepmom #Blowjob #Amateur #RIPNSFW | N59: #MILF #BigTits #Hardcore #Bigass #Stepmom #Blowjob #Amateur | O59: https://thumb.tapecontent.net/thumb/bGRz6J63VxTJep/w6jBalrXgbsJbGx.jpg
A60: Alexis Texas - 55946865 - Onlyfans.jpg | B60: {New} | C60: =LEFT(A60,FIND("-",A60)-1) -> Alexis Texas | D60: https://doodstream.com/d/704t2eoglcr4/ | E60: https://lulustream.com/d/x274yedco4b4 | F60: =IFERROR(__xludf.DUMMYFUNCTION("""https://streamtape.com/v/""& REGEXEXTRACT(O60,""/thumb/([^/]+)/"")& ""/""&K60"),"https://streamtape.com/v/k39OdRb6drS9vX/55946865") -> https://streamtape.com/v/k39OdRb6drS9vX/55946865 | G60: =_xludf.CONCAT(D60,K60) -> #NAME? | H60: =IFERROR(__xludf.DUMMYFUNCTION("IFERROR(SUBSTITUTE(SUBSTITUTE(REGEXEXTRACT(A60, ""[^-]+- [^-]+- [^-]+ - (.+?)\.jpg""), "".jpg"", """"), ""-"", "", ""), """")"),"") | J60: =IF(B60="{New}", "(" & YEAR(TODAY()) & ")", "") -> (2026) | K60: =MID(A60,FIND("-",A60)+2,8) -> 55946865 | L60: #MILF, #Hardcore, #Interracial, #Bigass | M60: =IFERROR(__xludf.DUMMYFUNCTION("TRIM( REGEXREPLACE( TEXTJOIN("" "", TRUE, B60, C60, embaralharLinks(E60,F60,G60), H60, """", J60, N60, ""#RIPNSFW"" ), "",\s*"", "" "") )"),"{New} Alexis Texas https://streamtape.com/v/k39OdRb6drS9vX/55946865 https://lulustream.com/d/x274yedco4b4 https://doodstream.com/d/704t2eoglcr4/55946865 (2026) #MILF #Hardcore #Interracial #Bigass #RIPNSFW") -> {New} Alexis Texas https://streamtape.com/v/k39OdRb6drS9vX/55946865 https://lulustream.com/d/x274yedco4b4 https://doodstream.com/d/704t2eoglcr4/55946865 (2026) #MILF #Hardcore #Interracial #Bigass #RIPNSFW | N60: #MILF #Hardcore #Interracial #Bigass | O60: https://thumb.tapecontent.net/thumb/k39OdRb6drS9vX/X2kKpMwwvztDDDm.jpg
A61: Alexis Texas - 58344561 - Onlyfans.jpg | B61: {New} | C61: =LEFT(A61,FIND("-",A61)-1) -> Alexis Texas | D61: https://doodstream.com/d/ah9ka7xplo99/ | E61: https://lulustream.com/d/z3xibzexseyf | F61: =IFERROR(__xludf.DUMMYFUNCTION("""https://streamtape.com/v/""& REGEXEXTRACT(O61,""/thumb/([^/]+)/"")& ""/""&K61"),"https://streamtape.com/v/ZXPYoQ9WezIqx1D/58344561") -> https://streamtape.com/v/ZXPYoQ9WezIqx1D/58344561 | G61: =_xludf.CONCAT(D61,K61) -> #NAME? | H61: =IFERROR(__xludf.DUMMYFUNCTION("IFERROR(SUBSTITUTE(SUBSTITUTE(REGEXEXTRACT(A61, ""[^-]+- [^-]+- [^-]+ - (.+?)\.jpg""), "".jpg"", """"), ""-"", "", ""), """")"),"") | J61: =IF(B61="{New}", "(" & YEAR(TODAY()) & ")", "") -> (2026) | K61: =MID(A61,FIND("-",A61)+2,8) -> 58344561 | L61: #MILF, #Bigass, #Blowjob, #Blonde | M61: =IFERROR(__xludf.DUMMYFUNCTION("TRIM( REGEXREPLACE( TEXTJOIN("" "", TRUE, B61, C61, embaralharLinks(E61,F61,G61), H61, """", J61, N61, ""#RIPNSFW"" ), "",\s*"", "" "") )"),"{New} Alexis Texas https://streamtape.com/v/ZXPYoQ9WezIqx1D/58344561 https://lulustream.com/d/z3xibzexseyf https://doodstream.com/d/ah9ka7xplo99/58344561 (2026) #MILF #Bigass #Blowjob #Blonde #RIPNSFW") -> {New} Alexis Texas https://streamtape.com/v/ZXPYoQ9WezIqx1D/58344561 https://lulustream.com/d/z3xibzexseyf https://doodstream.com/d/ah9ka7xplo99/58344561 (2026) #MILF #Bigass #Blowjob #Blonde #RIPNSFW | N61: #MILF #Bigass #Blowjob #Blonde | O61: https://thumb.tapecontent.net/thumb/ZXPYoQ9WezIqx1D/V84Q44zxK6tKKqJ.jpg
A62: Alexis Texas - 78334326 - Onlyfans - Nikki Benz.jpg | B62: {New} | C62: =LEFT(A62,FIND("-",A62)-1) -> Alexis Texas | D62: https://doodstream.com/d/4kxkcljof0gr/ | E62: https://lulustream.com/d/4q5uk1gmojyz | F62: =IFERROR(__xludf.DUMMYFUNCTION("""https://streamtape.com/v/""& REGEXEXTRACT(O62,""/thumb/([^/]+)/"")& ""/""&K62"),"https://streamtape.com/v/Wyx17v6K2KTb4VL/78334326") -> https://streamtape.com/v/Wyx17v6K2KTb4VL/78334326 | G62: =_xludf.CONCAT(D62,K62) -> #NAME? | H62: =IFERROR(__xludf.DUMMYFUNCTION("IFERROR(SUBSTITUTE(SUBSTITUTE(REGEXEXTRACT(A62, ""[^-]+- [^-]+- [^-]+ - (.+?)\.jpg""), "".jpg"", """"), ""-"", "", ""), """")"),"Nikki Benz") -> Nikki Benz | J62: =IF(B62="{New}", "(" & YEAR(TODAY()) & ")", "") -> (2026) | K62: =MID(A62,FIND("-",A62)+2,8) -> 78334326 | L62: #MILF, #BigTits, #Threesome, #Bigass, #Stepmom, #Blowjob, #Amateur, #Mature, #Hotwife, #Deepthroat, #Blonde, #Facial | M62: =IFERROR(__xludf.DUMMYFUNCTION("TRIM( REGEXREPLACE( TEXTJOIN("" "", TRUE, B62, C62, embaralharLinks(E62,F62,G62), H62, """", J62, N62, ""#RIPNSFW"" ), "",\s*"", "" "") )"),"{New} Alexis Texas https://doodstream.com/d/4kxkcljof0gr/78334326 https://streamtape.com/v/Wyx17v6K2KTb4VL/78334326 https://lulustream.com/d/4q5uk1gmojyz Nikki Benz (2026) #MILF #BigTits #Threesome #Bigass #Stepmom #RIPNSFW") -> {New} Alexis Texas https://doodstream.com/d/4kxkcljof0gr/78334326 https://streamtape.com/v/Wyx17v6K2KTb4VL/78334326 https://lulustream.com/d/4q5uk1gmojyz Nikki Benz (2026) #MILF #BigTits #Threesome #Bigass #Stepmom #RIPNSFW | N62: #MILF #BigTits #Threesome #Bigass #Stepmom | O62: https://thumb.tapecontent.net/thumb/Wyx17v6K2KTb4VL/xZmy7POYjYskb4W.jpg
A63: Alexis Texas - 85557282 - Onlyfans.jpg | B63: {New} | C63: =LEFT(A63,FIND("-",A63)-1) -> Alexis Texas | D63: https://doodstream.com/d/37fkj3b8lw1m/ | E63: https://lulustream.com/d/i0kl7fp3owuf | F63: =IFERROR(__xludf.DUMMYFUNCTION("""https://streamtape.com/v/""& REGEXEXTRACT(O63,""/thumb/([^/]+)/"")& ""/""&K63"),"https://streamtape.com/v/rApbMGvL32hgxx/85557282") -> https://streamtape.com/v/rApbMGvL32hgxx/85557282 | G63: =_xludf.CONCAT(D63,K63) -> #NAME? | H63: =IFERROR(__xludf.DUMMYFUNCTION("IFERROR(SUBSTITUTE(SUBSTITUTE(REGEXEXTRACT(A63, ""[^-]+- [^-]+- [^-]+ - (.+?)\.jpg""), "".jpg"", """"), ""-"", "", ""), """")"),"") | J63: =IF(B63="{New}", "(" & YEAR(TODAY()) & ")", "") -> (2026) | K63: =MID(A63,FIND("-",A63)+2,8) -> 85557282 | L63: #MILF, #Interracial, #Bigass, #Blowjob | M63: =IFERROR(__xludf.DUMMYFUNCTION("TRIM( REGEXREPLACE( TEXTJOIN("" "", TRUE, B63, C63, embaralharLinks(E63,F63,G63), H63, """", J63, N63, ""#RIPNSFW"" ), "",\s*"", "" "") )"),"{New} Alexis Texas https://streamtape.com/v/rApbMGvL32hgxx/85557282 https://lulustream.com/d/i0kl7fp3owuf https://doodstream.com/d/37fkj3b8lw1m/85557282 (2026) #MILF #Interracial #Bigass #Blowjob #RIPNSFW") -> {New} Alexis Texas https://streamtape.com/v/rApbMGvL32hgxx/85557282 https://lulustream.com/d/i0kl7fp3owuf https://doodstream.com/d/37fkj3b8lw1m/85557282 (2026) #MILF #Interracial #Bigass #Blowjob #RIPNSFW | N63: #MILF #Interracial #Bigass #Blowjob | O63: https://thumb.tapecontent.net/thumb/rApbMGvL32hgxx/mwWW73l9dVCldm.jpg
A64: Alice Bong - 80520139 - Onlyfans.jpg | B64: {New} | C64: =LEFT(A64,FIND("-",A64)-1) -> Alice Bong | D64: https://doodstream.com/d/mo7qik9m0qus/ | E64: https://lulustream.com/d/quoip8rsm7ee | F64: =IFERROR(__xludf.DUMMYFUNCTION("""https://streamtape.com/v/""& REGEXEXTRACT(O64,""/thumb/([^/]+)/"")& ""/""&K64"),"https://streamtape.com/v/kgjzDqgYQrIOVag/80520139") -> https://streamtape.com/v/kgjzDqgYQrIOVag/80520139 | G64: =_xludf.CONCAT(D64,K64) -> #NAME? | H64: =IFERROR(__xludf.DUMMYFUNCTION("IFERROR(SUBSTITUTE(SUBSTITUTE(REGEXEXTRACT(A64, ""[^-]+- [^-]+- [^-]+ - (.+?)\.jpg""), "".jpg"", """"), ""-"", "", ""), """")"),"") | J64: =IF(B64="{New}", "(" & YEAR(TODAY()) & ")", "") -> (2026) | K64: =MID(A64,FIND("-",A64)+2,8) -> 80520139 | L64: #Anal, #BigTits, #Hardcore, #Bigass | M64: =IFERROR(__xludf.DUMMYFUNCTION("TRIM( REGEXREPLACE( TEXTJOIN("" "", TRUE, B64, C64, embaralharLinks(E64,F64,G64), H64, """", J64, N64, ""#RIPNSFW"" ), "",\s*"", "" "") )"),"{New} Alice Bong https://lulustream.com/d/quoip8rsm7ee https://doodstream.com/d/mo7qik9m0qus/80520139 https://streamtape.com/v/kgjzDqgYQrIOVag/80520139 (2026) #Anal #BigTits #Hardcore #Bigass #RIPNSFW") -> {New} Alice Bong https://lulustream.com/d/quoip8rsm7ee https://doodstream.com/d/mo7qik9m0qus/80520139 https://streamtape.com/v/kgjzDqgYQrIOVag/80520139 (2026) #Anal #BigTits #Hardcore #Bigass #RIPNSFW | N64: #Anal #BigTits #Hardcore #Bigass | O64: https://thumb.tapecontent.net/thumb/kgjzDqgYQrIOVag/VODBKRLrjAu33r.jpg
A65: Alice Bong - 93984122 - Onlyfans.jpg | B65: {New} | C65: =LEFT(A65,FIND("-",A65)-1) -> Alice Bong | D65: https://doodstream.com/d/jvcsab28cbag/ | E65: https://lulustream.com/d/kp8gbsfe5gcn | F65: =IFERROR(__xludf.DUMMYFUNCTION("""https://streamtape.com/v/""& REGEXEXTRACT(O65,""/thumb/([^/]+)/"")& ""/""&K65"),"https://streamtape.com/v/JXz6KAB90ehZMg/93984122") -> https://streamtape.com/v/JXz6KAB90ehZMg/93984122 | G65: =_xludf.CONCAT(D65,K65) -> #NAME? | H65: =IFERROR(__xludf.DUMMYFUNCTION("IFERROR(SUBSTITUTE(SUBSTITUTE(REGEXEXTRACT(A65, ""[^-]+- [^-]+- [^-]+ - (.+?)\.jpg""), "".jpg"", """"), ""-"", "", ""), """")"),"") | J65: =IF(B65="{New}", "(" & YEAR(TODAY()) & ")", "") -> (2026) | K65: =MID(A65,FIND("-",A65)+2,8) -> 93984122 | L65: #Anal, #BigTits, #Hardcore, #Bigass | M65: =IFERROR(__xludf.DUMMYFUNCTION("TRIM( REGEXREPLACE( TEXTJOIN("" "", TRUE, B65, C65, embaralharLinks(E65,F65,G65), H65, """", J65, N65, ""#RIPNSFW"" ), "",\s*"", "" "") )"),"{New} Alice Bong https://streamtape.com/v/JXz6KAB90ehZMg/93984122 https://doodstream.com/d/jvcsab28cbag/93984122 https://lulustream.com/d/kp8gbsfe5gcn (2026) #Anal #BigTits #Hardcore #Bigass #RIPNSFW") -> {New} Alice Bong https://streamtape.com/v/JXz6KAB90ehZMg/93984122 https://doodstream.com/d/jvcsab28cbag/93984122 https://lulustream.com/d/kp8gbsfe5gcn (2026) #Anal #BigTits #Hardcore #Bigass #RIPNSFW | N65: #Anal #BigTits #Hardcore #Bigass | O65: https://thumb.tapecontent.net/thumb/JXz6KAB90ehZMg/9yed3RrxqlU9XJ.jpg
A66: AlicexMaia - 10721850 - Onlyfans.jpg | B66: {New} | C66: =LEFT(A66,FIND("-",A66)-1) -> AlicexMaia | D66: https://doodstream.com/d/8lcxrn4sfnrn/ | E66: https://lulustream.com/d/12zt5hk8bl0u | F66: =IFERROR(__xludf.DUMMYFUNCTION("""https://streamtape.com/v/""& REGEXEXTRACT(O66,""/thumb/([^/]+)/"")& ""/""&K66"),"https://streamtape.com/v/P7Xaw9BMzwSABl/10721850") -> https://streamtape.com/v/P7Xaw9BMzwSABl/10721850 | G66: =_xludf.CONCAT(D66,K66) -> #NAME? | H66: =IFERROR(__xludf.DUMMYFUNCTION("IFERROR(SUBSTITUTE(SUBSTITUTE(REGEXEXTRACT(A66, ""[^-]+- [^-]+- [^-]+ - (.+?)\.jpg""), "".jpg"", """"), ""-"", "", ""), """")"),"") | J66: =IF(B66="{New}", "(" & YEAR(TODAY()) & ")", "") -> (2026) | K66: =MID(A66,FIND("-",A66)+2,8) -> 10721850 | L66: #BigTits, #Bigass, #Teen, #Solo | M66: =IFERROR(__xludf.DUMMYFUNCTION("TRIM( REGEXREPLACE( TEXTJOIN("" "", TRUE, B66, C66, embaralharLinks(E66,F66,G66), H66, """", J66, N66, ""#RIPNSFW"" ), "",\s*"", "" "") )"),"{New} AlicexMaia https://lulustream.com/d/12zt5hk8bl0u https://streamtape.com/v/P7Xaw9BMzwSABl/10721850 https://doodstream.com/d/8lcxrn4sfnrn/10721850 (2026) #BigTits #Bigass #Teen #Solo #RIPNSFW") -> {New} AlicexMaia https://lulustream.com/d/12zt5hk8bl0u https://streamtape.com/v/P7Xaw9BMzwSABl/10721850 https://doodstream.com/d/8lcxrn4sfnrn/10721850 (2026) #BigTits #Bigass #Teen #Solo #RIPNSFW | N66: #BigTits #Bigass #Teen #Solo | O66: https://thumb.tapecontent.net/thumb/P7Xaw9BMzwSABl/y7LY4P9R9RC11xb.jpg
A67: AlicexMaia - 12079108 - Onlyfans.jpg | B67: {New} | C67: =LEFT(A67,FIND("-",A67)-1) -> AlicexMaia | D67: https://doodstream.com/d/d35ptsljxn02/ | E67: https://lulustream.com/d/m7nz83q70ffz | F67: =IFERROR(__xludf.DUMMYFUNCTION("""https://streamtape.com/v/""& REGEXEXTRACT(O67,""/thumb/([^/]+)/"")& ""/""&K67"),"https://streamtape.com/v/RwWAqa4MyAIZKe/12079108") -> https://streamtape.com/v/RwWAqa4MyAIZKe/12079108 | G67: =_xludf.CONCAT(D67,K67) -> #NAME? | H67: =IFERROR(__xludf.DUMMYFUNCTION("IFERROR(SUBSTITUTE(SUBSTITUTE(REGEXEXTRACT(A67, ""[^-]+- [^-]+- [^-]+ - (.+?)\.jpg""), "".jpg"", """"), ""-"", "", ""), """")"),"") | J67: =IF(B67="{New}", "(" & YEAR(TODAY()) & ")", "") -> (2026) | K67: =MID(A67,FIND("-",A67)+2,8) -> 12079108 | L67: #BigTits, #Bigass, #Teen, #Solo | M67: =IFERROR(__xludf.DUMMYFUNCTION("TRIM( REGEXREPLACE( TEXTJOIN("" "", TRUE, B67, C67, embaralharLinks(E67,F67,G67), H67, """", J67, N67, ""#RIPNSFW"" ), "",\s*"", "" "") )"),"{New} AlicexMaia https://doodstream.com/d/d35ptsljxn02/12079108 https://streamtape.com/v/RwWAqa4MyAIZKe/12079108 https://lulustream.com/d/m7nz83q70ffz (2026) #BigTits #Bigass #Teen #Solo #RIPNSFW") -> {New} AlicexMaia https://doodstream.com/d/d35ptsljxn02/12079108 https://streamtape.com/v/RwWAqa4MyAIZKe/12079108 https://lulustream.com/d/m7nz83q70ffz (2026) #BigTits #Bigass #Teen #Solo #RIPNSFW | N67: #BigTits #Bigass #Teen #Solo | O67: https://thumb.tapecontent.net/thumb/RwWAqa4MyAIZKe/3rbXmvW3wJh3dO.jpg
A68: AlicexMaia - 14731619 - Onlyfans.jpg | B68: {New} | C68: =LEFT(A68,FIND("-",A68)-1) -> AlicexMaia | D68: https://doodstream.com/d/ej1ldt170tkx/ | E68: https://lulustream.com/d/6obkapj4wp5w | F68: =IFERROR(__xludf.DUMMYFUNCTION("""https://streamtape.com/v/""& REGEXEXTRACT(O68,""/thumb/([^/]+)/"")& ""/""&K68"),"https://streamtape.com/v/jYMQBA0vJyFzrjo/14731619") -> https://streamtape.com/v/jYMQBA0vJyFzrjo/14731619 | G68: =_xludf.CONCAT(D68,K68) -> #NAME? | H68: =IFERROR(__xludf.DUMMYFUNCTION("IFERROR(SUBSTITUTE(SUBSTITUTE(REGEXEXTRACT(A68, ""[^-]+- [^-]+- [^-]+ - (.+?)\.jpg""), "".jpg"", """"), ""-"", "", ""), """")"),"") | J68: =IF(B68="{New}", "(" & YEAR(TODAY()) & ")", "") -> (2026) | K68: =MID(A68,FIND("-",A68)+2,8) -> 14731619 | L68: #BigTits, #Bigass, #Teen, #Solo | M68: =IFERROR(__xludf.DUMMYFUNCTION("TRIM( REGEXREPLACE( TEXTJOIN("" "", TRUE, B68, C68, embaralharLinks(E68,F68,G68), H68, """", J68, N68, ""#RIPNSFW"" ), "",\s*"", "" "") )"),"{New} AlicexMaia https://lulustream.com/d/6obkapj4wp5w https://streamtape.com/v/jYMQBA0vJyFzrjo/14731619 https://doodstream.com/d/ej1ldt170tkx/14731619 (2026) #BigTits #Bigass #Teen #Solo #RIPNSFW") -> {New} AlicexMaia https://lulustream.com/d/6obkapj4wp5w https://streamtape.com/v/jYMQBA0vJyFzrjo/14731619 https://doodstream.com/d/ej1ldt170tkx/14731619 (2026) #BigTits #Bigass #Teen #Solo #RIPNSFW | N68: #BigTits #Bigass #Teen #Solo | O68: https://thumb.tapecontent.net/thumb/jYMQBA0vJyFzrjo/0VYAjkreqMTbxX4.jpg
A69: AlicexMaia - 15248364 - Onlyfans.jpg | B69: {New} | C69: =LEFT(A69,FIND("-",A69)-1) -> AlicexMaia | D69: https://doodstream.com/d/mn96wpk770fa/ | E69: https://lulustream.com/d/b73sgo0j3vpk | F69: =IFERROR(__xludf.DUMMYFUNCTION("""https://streamtape.com/v/""& REGEXEXTRACT(O69,""/thumb/([^/]+)/"")& ""/""&K69"),"https://streamtape.com/v/RARgZZmJ4eHdyO6/15248364") -> https://streamtape.com/v/RARgZZmJ4eHdyO6/15248364 | G69: =_xludf.CONCAT(D69,K69) -> #NAME? | H69: =IFERROR(__xludf.DUMMYFUNCTION("IFERROR(SUBSTITUTE(SUBSTITUTE(REGEXEXTRACT(A69, ""[^-]+- [^-]+- [^-]+ - (.+?)\.jpg""), "".jpg"", """"), ""-"", "", ""), """")"),"") | J69: =IF(B69="{New}", "(" & YEAR(TODAY()) & ")", "") -> (2026) | K69: =MID(A69,FIND("-",A69)+2,8) -> 15248364 | L69: #BigTits, #Teen, #Solo, #Blonde | M69: =IFERROR(__xludf.DUMMYFUNCTION("TRIM( REGEXREPLACE( TEXTJOIN("" "", TRUE, B69, C69, embaralharLinks(E69,F69,G69), H69, """", J69, N69, ""#RIPNSFW"" ), "",\s*"", "" "") )"),"{New} AlicexMaia https://doodstream.com/d/mn96wpk770fa/15248364 https://lulustream.com/d/b73sgo0j3vpk https://streamtape.com/v/RARgZZmJ4eHdyO6/15248364 (2026) #BigTits #Teen #Solo #Blonde #RIPNSFW") -> {New} AlicexMaia https://doodstream.com/d/mn96wpk770fa/15248364 https://lulustream.com/d/b73sgo0j3vpk https://streamtape.com/v/RARgZZmJ4eHdyO6/15248364 (2026) #BigTits #Teen #Solo #Blonde #RIPNSFW | N69: #BigTits #Teen #Solo #Blonde | O69: https://thumb.tapecontent.net/thumb/RARgZZmJ4eHdyO6/lOX7xrywXlt7pR4.jpg
A70: AlicexMaia - 17531294 - Onlyfans.jpg | B70: {New} | C70: =LEFT(A70,FIND("-",A70)-1) -> AlicexMaia | D70: https://doodstream.com/d/cwrwhdzz1334/ | E70: https://lulustream.com/d/32c64pwy5uzf | F70: =IFERROR(__xludf.DUMMYFUNCTION("""https://streamtape.com/v/""& REGEXEXTRACT(O70,""/thumb/([^/]+)/"")& ""/""&K70"),"https://streamtape.com/v/1WOvrJ8qv7UeYqZ/17531294") -> https://streamtape.com/v/1WOvrJ8qv7UeYqZ/17531294 | G70: =_xludf.CONCAT(D70,K70) -> #NAME? | H70: =IFERROR(__xludf.DUMMYFUNCTION("IFERROR(SUBSTITUTE(SUBSTITUTE(REGEXEXTRACT(A70, ""[^-]+- [^-]+- [^-]+ - (.+?)\.jpg""), "".jpg"", """"), ""-"", "", ""), """")"),"") | J70: =IF(B70="{New}", "(" & YEAR(TODAY()) & ")", "") -> (2026) | K70: =MID(A70,FIND("-",A70)+2,8) -> 17531294 | L70: #Anal, #BigTits, #Bigass, #Teen | M70: =IFERROR(__xludf.DUMMYFUNCTION("TRIM( REGEXREPLACE( TEXTJOIN("" "", TRUE, B70, C70, embaralharLinks(E70,F70,G70), H70, """", J70, N70, ""#RIPNSFW"" ), "",\s*"", "" "") )"),"{New} AlicexMaia https://doodstream.com/d/cwrwhdzz1334/17531294 https://streamtape.com/v/1WOvrJ8qv7UeYqZ/17531294 https://lulustream.com/d/32c64pwy5uzf (2026) #Anal #BigTits #Bigass #Teen #RIPNSFW") -> {New} AlicexMaia https://doodstream.com/d/cwrwhdzz1334/17531294 https://streamtape.com/v/1WOvrJ8qv7UeYqZ/17531294 https://lulustream.com/d/32c64pwy5uzf (2026) #Anal #BigTits #Bigass #Teen #RIPNSFW | N70: #Anal #BigTits #Bigass #Teen | O70: https://thumb.tapecontent.net/thumb/1WOvrJ8qv7UeYqZ/v2KmQ9ZGM2F49Ga.jpg
A71: AlicexMaia - 19457440 - Onlyfans.jpg | B71: {New} | C71: =LEFT(A71,FIND("-",A71)-1) -> AlicexMaia | D71: https://doodstream.com/d/n3t0xiknnm7y/ | E71: https://lulustream.com/d/ncudry5gld17 | F71: =IFERROR(__xludf.DUMMYFUNCTION("""https://streamtape.com/v/""& REGEXEXTRACT(O71,""/thumb/([^/]+)/"")& ""/""&K71"),"https://streamtape.com/v/roL1Qv72e9Ibwd9/19457440") -> https://streamtape.com/v/roL1Qv72e9Ibwd9/19457440 | G71: =_xludf.CONCAT(D71,K71) -> #NAME? | H71: =IFERROR(__xludf.DUMMYFUNCTION("IFERROR(SUBSTITUTE(SUBSTITUTE(REGEXEXTRACT(A71, ""[^-]+- [^-]+- [^-]+ - (.+?)\.jpg""), "".jpg"", """"), ""-"", "", ""), """")"),"") | J71: =IF(B71="{New}", "(" & YEAR(TODAY()) & ")", "") -> (2026) | K71: =MID(A71,FIND("-",A71)+2,8) -> 19457440 | L71: #BigTits, #Bigass, #Teen, #Solo | M71: =IFERROR(__xludf.DUMMYFUNCTION("TRIM( REGEXREPLACE( TEXTJOIN("" "", TRUE, B71, C71, embaralharLinks(E71,F71,G71), H71, """", J71, N71, ""#RIPNSFW"" ), "",\s*"", "" "") )"),"{New} AlicexMaia https://doodstream.com/d/n3t0xiknnm7y/19457440 https://lulustream.com/d/ncudry5gld17 https://streamtape.com/v/roL1Qv72e9Ibwd9/19457440 (2026) #BigTits #Bigass #Teen #Solo #RIPNSFW") -> {New} AlicexMaia https://doodstream.com/d/n3t0xiknnm7y/19457440 https://lulustream.com/d/ncudry5gld17 https://streamtape.com/v/roL1Qv72e9Ibwd9/19457440 (2026) #BigTits #Bigass #Teen #Solo #RIPNSFW | N71: #BigTits #Bigass #Teen #Solo | O71: https://thumb.tapecontent.net/thumb/roL1Qv72e9Ibwd9/WplVgkewobCb6wJ.jpg
A72: AlicexMaia - 19553158 - Onlyfans.jpg | B72: {New} | C72: =LEFT(A72,FIND("-",A72)-1) -> AlicexMaia | D72: https://doodstream.com/d/dtfgzs7ft8j3/ | E72: https://lulustream.com/d/t6fbdavbf70e | F72: =IFERROR(__xludf.DUMMYFUNCTION("""https://streamtape.com/v/""& REGEXEXTRACT(O72,""/thumb/([^/]+)/"")& ""/""&K72"),"https://streamtape.com/v/qxlwO8epdWTzxvQ/19553158") -> https://streamtape.com/v/qxlwO8epdWTzxvQ/19553158 | G72: =_xludf.CONCAT(D72,K72) -> #NAME? | H72: =IFERROR(__xludf.DUMMYFUNCTION("IFERROR(SUBSTITUTE(SUBSTITUTE(REGEXEXTRACT(A72, ""[^-]+- [^-]+- [^-]+ - (.+?)\.jpg""), "".jpg"", """"), ""-"", "", ""), """")"),"") | J72: =IF(B72="{New}", "(" & YEAR(TODAY()) & ")", "") -> (2026) | K72: =MID(A72,FIND("-",A72)+2,8) -> 19553158 | L72: #BigTits, #Bigass, #Teen, #Solo, #Blonde | M72: =IFERROR(__xludf.DUMMYFUNCTION("TRIM( REGEXREPLACE( TEXTJOIN("" "", TRUE, B72, C72, embaralharLinks(E72,F72,G72), H72, """", J72, N72, ""#RIPNSFW"" ), "",\s*"", "" "") )"),"{New} AlicexMaia https://lulustream.com/d/t6fbdavbf70e https://doodstream.com/d/dtfgzs7ft8j3/19553158 https://streamtape.com/v/qxlwO8epdWTzxvQ/19553158 (2026) #BigTits #Bigass #Teen #Solo #RIPNSFW") -> {New} AlicexMaia https://lulustream.com/d/t6fbdavbf70e https://doodstream.com/d/dtfgzs7ft8j3/19553158 https://streamtape.com/v/qxlwO8epdWTzxvQ/19553158 (2026) #BigTits #Bigass #Teen #Solo #RIPNSFW | N72: #BigTits #Bigass #Teen #Solo | O72: https://thumb.tapecontent.net/thumb/qxlwO8epdWTzxvQ/V0bz1xYV8afK6e2.jpg
A73: AlicexMaia - 23808780 - Onlyfans.jpg | B73: {New} | C73: =LEFT(A73,FIND("-",A73)-1) -> AlicexMaia | D73: https://doodstream.com/d/dsvif0c82xj2/ | E73: https://lulustream.com/d/sn83issjo5ld | F73: =IFERROR(__xludf.DUMMYFUNCTION("""https://streamtape.com/v/""& REGEXEXTRACT(O73,""/thumb/([^/]+)/"")& ""/""&K73"),"https://streamtape.com/v/vwPjz9xxe8i4rLz/23808780") -> https://streamtape.com/v/vwPjz9xxe8i4rLz/23808780 | G73: =_xludf.CONCAT(D73,K73) -> #NAME? | H73: =IFERROR(__xludf.DUMMYFUNCTION("IFERROR(SUBSTITUTE(SUBSTITUTE(REGEXEXTRACT(A73, ""[^-]+- [^-]+- [^-]+ - (.+?)\.jpg""), "".jpg"", """"), ""-"", "", ""), """")"),"") | J73: =IF(B73="{New}", "(" & YEAR(TODAY()) & ")", "") -> (2026) | K73: =MID(A73,FIND("-",A73)+2,8) -> 23808780 | L73: #BigTits, #Teen, #Solo, #Blonde | M73: =IFERROR(__xludf.DUMMYFUNCTION("TRIM( REGEXREPLACE( TEXTJOIN("" "", TRUE, B73, C73, embaralharLinks(E73,F73,G73), H73, """", J73, N73, ""#RIPNSFW"" ), "",\s*"", "" "") )"),"{New} AlicexMaia https://doodstream.com/d/dsvif0c82xj2/23808780 https://streamtape.com/v/vwPjz9xxe8i4rLz/23808780 https://lulustream.com/d/sn83issjo5ld (2026) #BigTits #Teen #Solo #Blonde #RIPNSFW") -> {New} AlicexMaia https://doodstream.com/d/dsvif0c82xj2/23808780 https://streamtape.com/v/vwPjz9xxe8i4rLz/23808780 https://lulustream.com/d/sn83issjo5ld (2026) #BigTits #Teen #Solo #Blonde #RIPNSFW | N73: #BigTits #Teen #Solo #Blonde | O73: https://thumb.tapecontent.net/thumb/vwPjz9xxe8i4rLz/xoe7k8lQJwIkaaY.jpg
A74: AlicexMaia - 29448765 - Onlyfans.jpg | B74: {New} | C74: =LEFT(A74,FIND("-",A74)-1) -> AlicexMaia | D74: https://doodstream.com/d/odevd4u50df9/ | E74: https://lulustream.com/d/uu38a8erwyan | F74: =IFERROR(__xludf.DUMMYFUNCTION("""https://streamtape.com/v/""& REGEXEXTRACT(O74,""/thumb/([^/]+)/"")& ""/""&K74"),"https://streamtape.com/v/qWgPDkl9LdUz2v0/29448765") -> https://streamtape.com/v/qWgPDkl9LdUz2v0/29448765 | G74: =_xludf.CONCAT(D74,K74) -> #NAME? | H74: =IFERROR(__xludf.DUMMYFUNCTION("IFERROR(SUBSTITUTE(SUBSTITUTE(REGEXEXTRACT(A74, ""[^-]+- [^-]+- [^-]+ - (.+?)\.jpg""), "".jpg"", """"), ""-"", "", ""), """")"),"") | J74: =IF(B74="{New}", "(" & YEAR(TODAY()) & ")", "") -> (2026) | K74: =MID(A74,FIND("-",A74)+2,8) -> 29448765 | L74: #BigTits, #Bigass, #Teen, #Solo | M74: =IFERROR(__xludf.DUMMYFUNCTION("TRIM( REGEXREPLACE( TEXTJOIN("" "", TRUE, B74, C74, embaralharLinks(E74,F74,G74), H74, """", J74, N74, ""#RIPNSFW"" ), "",\s*"", "" "") )"),"{New} AlicexMaia https://lulustream.com/d/uu38a8erwyan https://streamtape.com/v/qWgPDkl9LdUz2v0/29448765 https://doodstream.com/d/odevd4u50df9/29448765 (2026) #BigTits #Bigass #Teen #Solo #RIPNSFW") -> {New} AlicexMaia https://lulustream.com/d/uu38a8erwyan https://streamtape.com/v/qWgPDkl9LdUz2v0/29448765 https://doodstream.com/d/odevd4u50df9/29448765 (2026) #BigTits #Bigass #Teen #Solo #RIPNSFW | N74: #BigTits #Bigass #Teen #Solo | O74: https://thumb.tapecontent.net/thumb/qWgPDkl9LdUz2v0/rgbjOawgO1TbLk0.jpg
A75: AlicexMaia - 42662611 - Onlyfans.jpg | B75: {New} | C75: =LEFT(A75,FIND("-",A75)-1) -> AlicexMaia | D75: https://doodstream.com/d/1fdvfytvt9ej/ | E75: https://lulustream.com/d/d0j1wlgwhotj | F75: =IFERROR(__xludf.DUMMYFUNCTION("""https://streamtape.com/v/""& REGEXEXTRACT(O75,""/thumb/([^/]+)/"")& ""/""&K75"),"https://streamtape.com/v/V6el2r11QlCKrao/42662611") -> https://streamtape.com/v/V6el2r11QlCKrao/42662611 | G75: =_xludf.CONCAT(D75,K75) -> #NAME? | H75: =IFERROR(__xludf.DUMMYFUNCTION("IFERROR(SUBSTITUTE(SUBSTITUTE(REGEXEXTRACT(A75, ""[^-]+- [^-]+- [^-]+ - (.+?)\.jpg""), "".jpg"", """"), ""-"", "", ""), """")"),"") | J75: =IF(B75="{New}", "(" & YEAR(TODAY()) & ")", "") -> (2026) | K75: =MID(A75,FIND("-",A75)+2,8) -> 42662611 | L75: #BigTits, #Bigass, #Teen, #Solo | M75: =IFERROR(__xludf.DUMMYFUNCTION("TRIM( REGEXREPLACE( TEXTJOIN("" "", TRUE, B75, C75, embaralharLinks(E75,F75,G75), H75, """", J75, N75, ""#RIPNSFW"" ), "",\s*"", "" "") )"),"{New} AlicexMaia https://lulustream.com/d/d0j1wlgwhotj https://streamtape.com/v/V6el2r11QlCKrao/42662611 https://doodstream.com/d/1fdvfytvt9ej/42662611 (2026) #BigTits #Bigass #Teen #Solo #RIPNSFW") -> {New} AlicexMaia https://lulustream.com/d/d0j1wlgwhotj https://streamtape.com/v/V6el2r11QlCKrao/42662611 https://doodstream.com/d/1fdvfytvt9ej/42662611 (2026) #BigTits #Bigass #Teen #Solo #RIPNSFW | N75: #BigTits #Bigass #Teen #Solo | O75: https://thumb.tapecontent.net/thumb/V6el2r11QlCKrao/Yp6Zal16YzFv92m.jpg
A76: AlicexMaia - 45305787 - Onlyfans.jpg | B76: {New} | C76: =LEFT(A76,FIND("-",A76)-1) -> AlicexMaia | D76: https://doodstream.com/d/0zp30eoep2hw/ | E76: https://lulustream.com/d/5ep5erjdhp2h | F76: =IFERROR(__xludf.DUMMYFUNCTION("""https://streamtape.com/v/""& REGEXEXTRACT(O76,""/thumb/([^/]+)/"")& ""/""&K76"),"https://streamtape.com/v/DqDW9l03r4UkrRK/45305787") -> https://streamtape.com/v/DqDW9l03r4UkrRK/45305787 | G76: =_xludf.CONCAT(D76,K76) -> #NAME? | H76: =IFERROR(__xludf.DUMMYFUNCTION("IFERROR(SUBSTITUTE(SUBSTITUTE(REGEXEXTRACT(A76, ""[^-]+- [^-]+- [^-]+ - (.+?)\.jpg""), "".jpg"", """"), ""-"", "", ""), """")"),"") | J76: =IF(B76="{New}", "(" & YEAR(TODAY()) & ")", "") -> (2026) | K76: =MID(A76,FIND("-",A76)+2,8) -> 45305787 | L76: #BigTits, #Bigass, #Teen, #Solo | M76: =IFERROR(__xludf.DUMMYFUNCTION("TRIM( REGEXREPLACE( TEXTJOIN("" "", TRUE, B76, C76, embaralharLinks(E76,F76,G76), H76, """", J76, N76, ""#RIPNSFW"" ), "",\s*"", "" "") )"),"{New} AlicexMaia https://lulustream.com/d/5ep5erjdhp2h https://streamtape.com/v/DqDW9l03r4UkrRK/45305787 https://doodstream.com/d/0zp30eoep2hw/45305787 (2026) #BigTits #Bigass #Teen #Solo #RIPNSFW") -> {New} AlicexMaia https://lulustream.com/d/5ep5erjdhp2h https://streamtape.com/v/DqDW9l03r4UkrRK/45305787 https://doodstream.com/d/0zp30eoep2hw/45305787 (2026) #BigTits #Bigass #Teen #Solo #RIPNSFW | N76: #BigTits #Bigass #Teen #Solo | O76: https://thumb.tapecontent.net/thumb/DqDW9l03r4UkrRK/7mQ7OJkORWhRKa.jpg
A77: AlicexMaia - 49296667 - Onlyfans.jpg | B77: {New} | C77: =LEFT(A77,FIND("-",A77)-1) -> AlicexMaia | D77: https://doodstream.com/d/qctghddt78k0/ | E77: https://lulustream.com/d/4v36v7ghh09u | F77: =IFERROR(__xludf.DUMMYFUNCTION("""https://streamtape.com/v/""& REGEXEXTRACT(O77,""/thumb/([^/]+)/"")& ""/""&K77"),"https://streamtape.com/v/d7oVva7BkdUkJw0/49296667") -> https://streamtape.com/v/d7oVva7BkdUkJw0/49296667 | G77: =_xludf.CONCAT(D77,K77) -> #NAME? | H77: =IFERROR(__xludf.DUMMYFUNCTION("IFERROR(SUBSTITUTE(SUBSTITUTE(REGEXEXTRACT(A77, ""[^-]+- [^-]+- [^-]+ - (.+?)\.jpg""), "".jpg"", """"), ""-"", "", ""), """")"),"") | J77: =IF(B77="{New}", "(" & YEAR(TODAY()) & ")", "") -> (2026) | K77: =MID(A77,FIND("-",A77)+2,8) -> 49296667 | L77: #BigTits, #Bigass, #Teen, #Solo | M77: =IFERROR(__xludf.DUMMYFUNCTION("TRIM( REGEXREPLACE( TEXTJOIN("" "", TRUE, B77, C77, embaralharLinks(E77,F77,G77), H77, """", J77, N77, ""#RIPNSFW"" ), "",\s*"", "" "") )"),"{New} AlicexMaia https://doodstream.com/d/qctghddt78k0/49296667 https://streamtape.com/v/d7oVva7BkdUkJw0/49296667 https://lulustream.com/d/4v36v7ghh09u (2026) #BigTits #Bigass #Teen #Solo #RIPNSFW") -> {New} AlicexMaia https://doodstream.com/d/qctghddt78k0/49296667 https://streamtape.com/v/d7oVva7BkdUkJw0/49296667 https://lulustream.com/d/4v36v7ghh09u (2026) #BigTits #Bigass #Teen #Solo #RIPNSFW | N77: #BigTits #Bigass #Teen #Solo | O77: https://thumb.tapecontent.net/thumb/d7oVva7BkdUkJw0/pgOVZbJgLpIrK9a.jpg
A78: AlicexMaia - 63578233 - Onlyfans.jpg | B78: {New} | C78: =LEFT(A78,FIND("-",A78)-1) -> AlicexMaia | D78: https://doodstream.com/d/3wdhd3j7wzfu/ | E78: https://lulustream.com/d/4fzm8gu5w4ax | F78: =IFERROR(__xludf.DUMMYFUNCTION("""https://streamtape.com/v/""& REGEXEXTRACT(O78,""/thumb/([^/]+)/"")& ""/""&K78"),"https://streamtape.com/v/xyZr1WAPZGskAXX/63578233") -> https://streamtape.com/v/xyZr1WAPZGskAXX/63578233 | G78: =_xludf.CONCAT(D78,K78) -> #NAME? | H78: =IFERROR(__xludf.DUMMYFUNCTION("IFERROR(SUBSTITUTE(SUBSTITUTE(REGEXEXTRACT(A78, ""[^-]+- [^-]+- [^-]+ - (.+?)\.jpg""), "".jpg"", """"), ""-"", "", ""), """")"),"") | J78: =IF(B78="{New}", "(" & YEAR(TODAY()) & ")", "") -> (2026) | K78: =MID(A78,FIND("-",A78)+2,8) -> 63578233 | L78: #BigTits, #Bigass, #Teen, #Solo | M78: =IFERROR(__xludf.DUMMYFUNCTION("TRIM( REGEXREPLACE( TEXTJOIN("" "", TRUE, B78, C78, embaralharLinks(E78,F78,G78), H78, """", J78, N78, ""#RIPNSFW"" ), "",\s*"", "" "") )"),"{New} AlicexMaia https://lulustream.com/d/4fzm8gu5w4ax https://streamtape.com/v/xyZr1WAPZGskAXX/63578233 https://doodstream.com/d/3wdhd3j7wzfu/63578233 (2026) #BigTits #Bigass #Teen #Solo #RIPNSFW") -> {New} AlicexMaia https://lulustream.com/d/4fzm8gu5w4ax https://streamtape.com/v/xyZr1WAPZGskAXX/63578233 https://doodstream.com/d/3wdhd3j7wzfu/63578233 (2026) #BigTits #Bigass #Teen #Solo #RIPNSFW | N78: #BigTits #Bigass #Teen #Solo | O78: https://thumb.tapecontent.net/thumb/xyZr1WAPZGskAXX/6WWqj4qe7bC97aW.jpg
A79: AlicexMaia - 67191993 - Onlyfans.jpg | B79: {New} | C79: =LEFT(A79,FIND("-",A79)-1) -> AlicexMaia | D79: https://doodstream.com/d/qw68x0lpd67h/ | E79: https://lulustream.com/d/vrwc80obzmll | F79: =IFERROR(__xludf.DUMMYFUNCTION("""https://streamtape.com/v/""& REGEXEXTRACT(O79,""/thumb/([^/]+)/"")& ""/""&K79"),"https://streamtape.com/v/g9zyKga2OPtqrp2/67191993") -> https://streamtape.com/v/g9zyKga2OPtqrp2/67191993 | G79: =_xludf.CONCAT(D79,K79) -> #NAME? | H79: =IFERROR(__xludf.DUMMYFUNCTION("IFERROR(SUBSTITUTE(SUBSTITUTE(REGEXEXTRACT(A79, ""[^-]+- [^-]+- [^-]+ - (.+?)\.jpg""), "".jpg"", """"), ""-"", "", ""), """")"),"") | J79: =IF(B79="{New}", "(" & YEAR(TODAY()) & ")", "") -> (2026) | K79: =MID(A79,FIND("-",A79)+2,8) -> 67191993 | L79: #BigTits, #Bigass, #Teen, #Solo | M79: =IFERROR(__xludf.DUMMYFUNCTION("TRIM( REGEXREPLACE( TEXTJOIN("" "", TRUE, B79, C79, embaralharLinks(E79,F79,G79), H79, """", J79, N79, ""#RIPNSFW"" ), "",\s*"", "" "") )"),"{New} AlicexMaia https://streamtape.com/v/g9zyKga2OPtqrp2/67191993 https://lulustream.com/d/vrwc80obzmll https://doodstream.com/d/qw68x0lpd67h/67191993 (2026) #BigTits #Bigass #Teen #Solo #RIPNSFW") -> {New} AlicexMaia https://streamtape.com/v/g9zyKga2OPtqrp2/67191993 https://lulustream.com/d/vrwc80obzmll https://doodstream.com/d/qw68x0lpd67h/67191993 (2026) #BigTits #Bigass #Teen #Solo #RIPNSFW | N79: #BigTits #Bigass #Teen #Solo | O79: https://thumb.tapecontent.net/thumb/g9zyKga2OPtqrp2/qZPqVXyOblTzl8A.jpg
A80: AlicexMaia - 75717227 - Onlyfans.jpg | B80: {New} | C80: =LEFT(A80,FIND("-",A80)-1) -> AlicexMaia | D80: https://doodstream.com/d/cbfd40bocvz4/ | E80: https://lulustream.com/d/xeeq7exproly | F80: =IFERROR(__xludf.DUMMYFUNCTION("""https://streamtape.com/v/""& REGEXEXTRACT(O80,""/thumb/([^/]+)/"")& ""/""&K80"),"https://streamtape.com/v/zp1zq3X0LdFYBVP/75717227") -> https://streamtape.com/v/zp1zq3X0LdFYBVP/75717227 | G80: =_xludf.CONCAT(D80,K80) -> #NAME? | H80: =IFERROR(__xludf.DUMMYFUNCTION("IFERROR(SUBSTITUTE(SUBSTITUTE(REGEXEXTRACT(A80, ""[^-]+- [^-]+- [^-]+ - (.+?)\.jpg""), "".jpg"", """"), ""-"", "", ""), """")"),"") | J80: =IF(B80="{New}", "(" & YEAR(TODAY()) & ")", "") -> (2026) | K80: =MID(A80,FIND("-",A80)+2,8) -> 75717227 | L80: #BigTits, #Bigass, #Teen, #Solo | M80: =IFERROR(__xludf.DUMMYFUNCTION("TRIM( REGEXREPLACE( TEXTJOIN("" "", TRUE, B80, C80, embaralharLinks(E80,F80,G80), H80, """", J80, N80, ""#RIPNSFW"" ), "",\s*"", "" "") )"),"{New} AlicexMaia https://lulustream.com/d/xeeq7exproly https://streamtape.com/v/zp1zq3X0LdFYBVP/75717227 https://doodstream.com/d/cbfd40bocvz4/75717227 (2026) #BigTits #Bigass #Teen #Solo #RIPNSFW") -> {New} AlicexMaia https://lulustream.com/d/xeeq7exproly https://streamtape.com/v/zp1zq3X0LdFYBVP/75717227 https://doodstream.com/d/cbfd40bocvz4/75717227 (2026) #BigTits #Bigass #Teen #Solo #RIPNSFW | N80: #BigTits #Bigass #Teen #Solo | O80: https://thumb.tapecontent.net/thumb/zp1zq3X0LdFYBVP/Bq06pOZqxQH2Vp.jpg
A81: AlicexMaia - 78662402 - Onlyfans.jpg | B81: {New} | C81: =LEFT(A81,FIND("-",A81)-1) -> AlicexMaia | D81: https://doodstream.com/d/v7hwqbirikl7/ | E81: https://lulustream.com/d/bqia1oswt0ti | F81: =IFERROR(__xludf.DUMMYFUNCTION("""https://streamtape.com/v/""& REGEXEXTRACT(O81,""/thumb/([^/]+)/"")& ""/""&K81"),"https://streamtape.com/v/m749YwgRMoHbxyg/78662402") -> https://streamtape.com/v/m749YwgRMoHbxyg/78662402 | G81: =_xludf.CONCAT(D81,K81) -> #NAME? | H81: =IFERROR(__xludf.DUMMYFUNCTION("IFERROR(SUBSTITUTE(SUBSTITUTE(REGEXEXTRACT(A81, ""[^-]+- [^-]+- [^-]+ - (.+?)\.jpg""), "".jpg"", """"), ""-"", "", ""), """")"),"") | J81: =IF(B81="{New}", "(" & YEAR(TODAY()) & ")", "") -> (2026) | K81: =MID(A81,FIND("-",A81)+2,8) -> 78662402 | L81: #BigTits, #Bigass, #Teen, #Solo | M81: =IFERROR(__xludf.DUMMYFUNCTION("TRIM( REGEXREPLACE( TEXTJOIN("" "", TRUE, B81, C81, embaralharLinks(E81,F81,G81), H81, """", J81, N81, ""#RIPNSFW"" ), "",\s*"", "" "") )"),"{New} AlicexMaia https://streamtape.com/v/m749YwgRMoHbxyg/78662402 https://lulustream.com/d/bqia1oswt0ti https://doodstream.com/d/v7hwqbirikl7/78662402 (2026) #BigTits #Bigass #Teen #Solo #RIPNSFW") -> {New} AlicexMaia https://streamtape.com/v/m749YwgRMoHbxyg/78662402 https://lulustream.com/d/bqia1oswt0ti https://doodstream.com/d/v7hwqbirikl7/78662402 (2026) #BigTits #Bigass #Teen #Solo #RIPNSFW | N81: #BigTits #Bigass #Teen #Solo | O81: https://thumb.tapecontent.net/thumb/m749YwgRMoHbxyg/gv1Y4WlKbaIqbob.jpg
A82: AlicexMaia - 81610323 - Onlyfans.jpg | B82: {New} | C82: =LEFT(A82,FIND("-",A82)-1) -> AlicexMaia | D82: https://doodstream.com/d/y23cnjdmq68s/ | E82: https://lulustream.com/d/xly2wwkhasaa | F82: =IFERROR(__xludf.DUMMYFUNCTION("""https://streamtape.com/v/""& REGEXEXTRACT(O82,""/thumb/([^/]+)/"")& ""/""&K82"),"https://streamtape.com/v/GbbXKDr1qQCAbr/81610323") -> https://streamtape.com/v/GbbXKDr1qQCAbr/81610323 | G82: =_xludf.CONCAT(D82,K82) -> #NAME? | H82: =IFERROR(__xludf.DUMMYFUNCTION("IFERROR(SUBSTITUTE(SUBSTITUTE(REGEXEXTRACT(A82, ""[^-]+- [^-]+- [^-]+ - (.+?)\.jpg""), "".jpg"", """"), ""-"", "", ""), """")"),"") | J82: =IF(B82="{New}", "(" & YEAR(TODAY()) & ")", "") -> (2026) | K82: =MID(A82,FIND("-",A82)+2,8) -> 81610323 | L82: #BigTits, #Bigass, #Teen, #Solo, #Blonde | M82: =IFERROR(__xludf.DUMMYFUNCTION("TRIM( REGEXREPLACE( TEXTJOIN("" "", TRUE, B82, C82, embaralharLinks(E82,F82,G82), H82, """", J82, N82, ""#RIPNSFW"" ), "",\s*"", "" "") )"),"{New} AlicexMaia https://doodstream.com/d/y23cnjdmq68s/81610323 https://streamtape.com/v/GbbXKDr1qQCAbr/81610323 https://lulustream.com/d/xly2wwkhasaa (2026) #BigTits #Bigass #Teen #Solo #RIPNSFW") -> {New} AlicexMaia https://doodstream.com/d/y23cnjdmq68s/81610323 https://streamtape.com/v/GbbXKDr1qQCAbr/81610323 https://lulustream.com/d/xly2wwkhasaa (2026) #BigTits #Bigass #Teen #Solo #RIPNSFW | N82: #BigTits #Bigass #Teen #Solo | O82: https://thumb.tapecontent.net/thumb/GbbXKDr1qQCAbr/kW3b2421qbhOOjM.jpg
A83: AlicexMaia - 84776312 - Onlyfans.jpg | B83: {New} | C83: =LEFT(A83,FIND("-",A83)-1) -> AlicexMaia | D83: https://doodstream.com/d/seto06rwf7bj/ | E83: https://lulustream.com/d/wezzttkgz0pp | F83: =IFERROR(__xludf.DUMMYFUNCTION("""https://streamtape.com/v/""& REGEXEXTRACT(O83,""/thumb/([^/]+)/"")& ""/""&K83"),"https://streamtape.com/v/dkGgPddp9yIk6PM/84776312") -> https://streamtape.com/v/dkGgPddp9yIk6PM/84776312 | G83: =_xludf.CONCAT(D83,K83) -> #NAME? | H83: =IFERROR(__xludf.DUMMYFUNCTION("IFERROR(SUBSTITUTE(SUBSTITUTE(REGEXEXTRACT(A83, ""[^-]+- [^-]+- [^-]+ - (.+?)\.jpg""), "".jpg"", """"), ""-"", "", ""), """")"),"") | J83: =IF(B83="{New}", "(" & YEAR(TODAY()) & ")", "") -> (2026) | K83: =MID(A83,FIND("-",A83)+2,8) -> 84776312 | L83: #BigTits, #Bigass, #Teen, #Roleplay, #Solo, #Blonde | M83: =IFERROR(__xludf.DUMMYFUNCTION("TRIM( REGEXREPLACE( TEXTJOIN("" "", TRUE, B83, C83, embaralharLinks(E83,F83,G83), H83, """", J83, N83, ""#RIPNSFW"" ), "",\s*"", "" "") )"),"{New} AlicexMaia https://streamtape.com/v/dkGgPddp9yIk6PM/84776312 https://doodstream.com/d/seto06rwf7bj/84776312 https://lulustream.com/d/wezzttkgz0pp (2026) #BigTits #Bigass #Teen #Roleplay #Solo #RIPNSFW") -> {New} AlicexMaia https://streamtape.com/v/dkGgPddp9yIk6PM/84776312 https://doodstream.com/d/seto06rwf7bj/84776312 https://lulustream.com/d/wezzttkgz0pp (2026) #BigTits #Bigass #Teen #Roleplay #Solo #RIPNSFW | N83: #BigTits #Bigass #Teen #Roleplay #Solo | O83: https://thumb.tapecontent.net/thumb/dkGgPddp9yIk6PM/0D1VJqAqwbibdLB.jpg
A84: AlicexMaia - 88450355 - Onlyfans.jpg | B84: {New} | C84: =LEFT(A84,FIND("-",A84)-1) -> AlicexMaia | D84: https://doodstream.com/d/882vg8ccq1wr/ | E84: https://lulustream.com/d/j90puo079yhl | F84: =IFERROR(__xludf.DUMMYFUNCTION("""https://streamtape.com/v/""& REGEXEXTRACT(O84,""/thumb/([^/]+)/"")& ""/""&K84"),"https://streamtape.com/v/AqbyWbwOgqFbK9/88450355") -> https://streamtape.com/v/AqbyWbwOgqFbK9/88450355 | G84: =_xludf.CONCAT(D84,K84) -> #NAME? | H84: =IFERROR(__xludf.DUMMYFUNCTION("IFERROR(SUBSTITUTE(SUBSTITUTE(REGEXEXTRACT(A84, ""[^-]+- [^-]+- [^-]+ - (.+?)\.jpg""), "".jpg"", """"), ""-"", "", ""), """")"),"") | J84: =IF(B84="{New}", "(" & YEAR(TODAY()) & ")", "") -> (2026) | K84: =MID(A84,FIND("-",A84)+2,8) -> 88450355 | L84: #BigTits, #Bigass, #Teen, #Solo, #Blonde | M84: =IFERROR(__xludf.DUMMYFUNCTION("TRIM( REGEXREPLACE( TEXTJOIN("" "", TRUE, B84, C84, embaralharLinks(E84,F84,G84), H84, """", J84, N84, ""#RIPNSFW"" ), "",\s*"", "" "") )"),"{New} AlicexMaia https://streamtape.com/v/AqbyWbwOgqFbK9/88450355 https://doodstream.com/d/882vg8ccq1wr/88450355 https://lulustream.com/d/j90puo079yhl (2026) #BigTits #Bigass #Teen #Solo #RIPNSFW") -> {New} AlicexMaia https://streamtape.com/v/AqbyWbwOgqFbK9/88450355 https://doodstream.com/d/882vg8ccq1wr/88450355 https://lulustream.com/d/j90puo079yhl (2026) #BigTits #Bigass #Teen #Solo #RIPNSFW | N84: #BigTits #Bigass #Teen #Solo | O84: https://thumb.tapecontent.net/thumb/AqbyWbwOgqFbK9/jgBD3p9l8yuz8bv.jpg
A85: AlicexMaia - 91745439 - Onlyfans.jpg | B85: {New} | C85: =LEFT(A85,FIND("-",A85)-1) -> AlicexMaia | D85: https://doodstream.com/d/t4uymf3923e5/ | E85: https://lulustream.com/d/ixtmb8to5hhw | F85: =IFERROR(__xludf.DUMMYFUNCTION("""https://streamtape.com/v/""& REGEXEXTRACT(O85,""/thumb/([^/]+)/"")& ""/""&K85"),"https://streamtape.com/v/jk7X9zP6Dpuq3V/91745439") -> https://streamtape.com/v/jk7X9zP6Dpuq3V/91745439 | G85: =_xludf.CONCAT(D85,K85) -> #NAME? | H85: =IFERROR(__xludf.DUMMYFUNCTION("IFERROR(SUBSTITUTE(SUBSTITUTE(REGEXEXTRACT(A85, ""[^-]+- [^-]+- [^-]+ - (.+?)\.jpg""), "".jpg"", """"), ""-"", "", ""), """")"),"") | J85: =IF(B85="{New}", "(" & YEAR(TODAY()) & ")", "") -> (2026) | K85: =MID(A85,FIND("-",A85)+2,8) -> 91745439 | L85: #BigTits, #Bigass, #Teen, #Solo | M85: =IFERROR(__xludf.DUMMYFUNCTION("TRIM( REGEXREPLACE( TEXTJOIN("" "", TRUE, B85, C85, embaralharLinks(E85,F85,G85), H85, """", J85, N85, ""#RIPNSFW"" ), "",\s*"", "" "") )"),"{New} AlicexMaia https://streamtape.com/v/jk7X9zP6Dpuq3V/91745439 https://lulustream.com/d/ixtmb8to5hhw https://doodstream.com/d/t4uymf3923e5/91745439 (2026) #BigTits #Bigass #Teen #Solo #RIPNSFW") -> {New} AlicexMaia https://streamtape.com/v/jk7X9zP6Dpuq3V/91745439 https://lulustream.com/d/ixtmb8to5hhw https://doodstream.com/d/t4uymf3923e5/91745439 (2026) #BigTits #Bigass #Teen #Solo #RIPNSFW | N85: #BigTits #Bigass #Teen #Solo | O85: https://thumb.tapecontent.net/thumb/jk7X9zP6Dpuq3V/PrBGZdOQRRF0w13.jpg
A86: AlicexMaia - 92921847 - Onlyfans.jpg | B86: {New} | C86: =LEFT(A86,FIND("-",A86)-1) -> AlicexMaia | D86: https://doodstream.com/d/rjzdtgrbxxgy/ | E86: https://lulustream.com/d/zy347qwvxzuj | F86: =IFERROR(__xludf.DUMMYFUNCTION("""https://streamtape.com/v/""& REGEXEXTRACT(O86,""/thumb/([^/]+)/"")& ""/""&K86"),"https://streamtape.com/v/Bqj1G6ReyxUVmL/92921847") -> https://streamtape.com/v/Bqj1G6ReyxUVmL/92921847 | G86: =_xludf.CONCAT(D86,K86) -> #NAME? | H86: =IFERROR(__xludf.DUMMYFUNCTION("IFERROR(SUBSTITUTE(SUBSTITUTE(REGEXEXTRACT(A86, ""[^-]+- [^-]+- [^-]+ - (.+?)\.jpg""), "".jpg"", """"), ""-"", "", ""), """")"),"") | J86: =IF(B86="{New}", "(" & YEAR(TODAY()) & ")", "") -> (2026) | K86: =MID(A86,FIND("-",A86)+2,8) -> 92921847 | L86: #BigTits, #Bigass, #Teen, #Solo, #Blonde | M86: =IFERROR(__xludf.DUMMYFUNCTION("TRIM( REGEXREPLACE( TEXTJOIN("" "", TRUE, B86, C86, embaralharLinks(E86,F86,G86), H86, """", J86, N86, ""#RIPNSFW"" ), "",\s*"", "" "") )"),"{New} AlicexMaia https://doodstream.com/d/rjzdtgrbxxgy/92921847 https://lulustream.com/d/zy347qwvxzuj https://streamtape.com/v/Bqj1G6ReyxUVmL/92921847 (2026) #BigTits #Bigass #Teen #Solo #RIPNSFW") -> {New} AlicexMaia https://doodstream.com/d/rjzdtgrbxxgy/92921847 https://lulustream.com/d/zy347qwvxzuj https://streamtape.com/v/Bqj1G6ReyxUVmL/92921847 (2026) #BigTits #Bigass #Teen #Solo #RIPNSFW | N86: #BigTits #Bigass #Teen #Solo | O86: https://thumb.tapecontent.net/thumb/Bqj1G6ReyxUVmL/aj9yxrK4dJixjDJ.jpg
A87: AlicexMaia - 96466194 - Onlyfans.jpg | B87: {New} | C87: =LEFT(A87,FIND("-",A87)-1) -> AlicexMaia | D87: https://doodstream.com/d/f724p3271ljt/ | E87: https://lulustream.com/d/wh5thhzlaitd | F87: =IFERROR(__xludf.DUMMYFUNCTION("""https://streamtape.com/v/""& REGEXEXTRACT(O87,""/thumb/([^/]+)/"")& ""/""&K87"),"https://streamtape.com/v/VV6ZxdRJr1iKMPq/96466194") -> https://streamtape.com/v/VV6ZxdRJr1iKMPq/96466194 | G87: =_xludf.CONCAT(D87,K87) -> #NAME? | H87: =IFERROR(__xludf.DUMMYFUNCTION("IFERROR(SUBSTITUTE(SUBSTITUTE(REGEXEXTRACT(A87, ""[^-]+- [^-]+- [^-]+ - (.+?)\.jpg""), "".jpg"", """"), ""-"", "", ""), """")"),"") | J87: =IF(B87="{New}", "(" & YEAR(TODAY()) & ")", "") -> (2026) | K87: =MID(A87,FIND("-",A87)+2,8) -> 96466194 | L87: #Anal, #BigTits, #Teen, #Solo, #Blonde, #Bigass | M87: =IFERROR(__xludf.DUMMYFUNCTION("TRIM( REGEXREPLACE( TEXTJOIN("" "", TRUE, B87, C87, embaralharLinks(E87,F87,G87), H87, """", J87, N87, ""#RIPNSFW"" ), "",\s*"", "" "") )"),"{New} AlicexMaia https://streamtape.com/v/VV6ZxdRJr1iKMPq/96466194 https://lulustream.com/d/wh5thhzlaitd https://doodstream.com/d/f724p3271ljt/96466194 (2026) #Anal #BigTits #Teen #Solo #Blonde #RIPNSFW") -> {New} AlicexMaia https://streamtape.com/v/VV6ZxdRJr1iKMPq/96466194 https://lulustream.com/d/wh5thhzlaitd https://doodstream.com/d/f724p3271ljt/96466194 (2026) #Anal #BigTits #Teen #Solo #Blonde #RIPNSFW | N87: #Anal #BigTits #Teen #Solo #Blonde | O87: https://thumb.tapecontent.net/thumb/VV6ZxdRJr1iKMPq/AL3x3AxwVwHXlXW.jpg
A88: Alina - 93433724 - BackroomCastingCouch.jpg | B88: {New} | C88: =LEFT(A88,FIND("-",A88)-1) -> Alina | D88: https://doodstream.com/d/76mhuy830lni/ | E88: https://lulustream.com/d/d54ahtp2dhsg | F88: =IFERROR(__xludf.DUMMYFUNCTION("""https://streamtape.com/v/""& REGEXEXTRACT(O88,""/thumb/([^/]+)/"")& ""/""&K88"),"https://streamtape.com/v/bw71qXOVXeiP9XL/93433724") -> https://streamtape.com/v/bw71qXOVXeiP9XL/93433724 | G88: =_xludf.CONCAT(D88,K88) -> #NAME? | H88: =IFERROR(__xludf.DUMMYFUNCTION("IFERROR(SUBSTITUTE(SUBSTITUTE(REGEXEXTRACT(A88, ""[^-]+- [^-]+- [^-]+ - (.+?)\.jpg""), "".jpg"", """"), ""-"", "", ""), """")"),"") | J88: =IF(B88="{New}", "(" & YEAR(TODAY()) & ")", "") -> (2026) | K88: =MID(A88,FIND("-",A88)+2,8) -> 93433724 | L88: #Anal, #Casting, #Creampie, #Hardcore | M88: =IFERROR(__xludf.DUMMYFUNCTION("TRIM( REGEXREPLACE( TEXTJOIN("" "", TRUE, B88, C88, embaralharLinks(E88,F88,G88), H88, """", J88, N88, ""#RIPNSFW"" ), "",\s*"", "" "") )"),"{New} Alina https://lulustream.com/d/d54ahtp2dhsg https://streamtape.com/v/bw71qXOVXeiP9XL/93433724 https://doodstream.com/d/76mhuy830lni/93433724 (2026) #Anal #Casting #Creampie #Hardcore #RIPNSFW") -> {New} Alina https://lulustream.com/d/d54ahtp2dhsg https://streamtape.com/v/bw71qXOVXeiP9XL/93433724 https://doodstream.com/d/76mhuy830lni/93433724 (2026) #Anal #Casting #Creampie #Hardcore #RIPNSFW | N88: #Anal #Casting #Creampie #Hardcore | O88: https://thumb.tapecontent.net/thumb/bw71qXOVXeiP9XL/Zz93rezryyUq1G8.jpg
A89: Alina Lopez - 10005852 - ripnsfw.com - Vanna Bardot.jpg | B89: {New} | C89: =LEFT(A89,FIND("-",A89)-1) -> Alina Lopez | D89: https://doodstream.com/d/gtspkov3pxoz/ | E89: https://lulustream.com/d/ie592u4il31i | F89: =IFERROR(__xludf.DUMMYFUNCTION("""https://streamtape.com/v/""& REGEXEXTRACT(O89,""/thumb/([^/]+)/"")& ""/""&K89"),"https://streamtape.com/v/ZVrypKK4mQTqJ0Q/10005852") -> https://streamtape.com/v/ZVrypKK4mQTqJ0Q/10005852 | G89: =_xludf.CONCAT(D89,K89) -> #NAME? | H89: =IFERROR(__xludf.DUMMYFUNCTION("IFERROR(SUBSTITUTE(SUBSTITUTE(REGEXEXTRACT(A89, ""[^-]+- [^-]+- [^-]+ - (.+?)\.jpg""), "".jpg"", """"), ""-"", "", ""), """")"),"Vanna Bardot") -> Vanna Bardot | J89: =IF(B89="{New}", "(" & YEAR(TODAY()) & ")", "") -> (2026) | K89: =MID(A89,FIND("-",A89)+2,8) -> 10005852 | L89: #BigTits, #Hardcore, #Creampie, #Bigass, #Blowjob, #Amateur, #Deepthroat | M89: =IFERROR(__xludf.DUMMYFUNCTION("TRIM( REGEXREPLACE( TEXTJOIN("" "", TRUE, B89, C89, embaralharLinks(E89,F89,G89), H89, """", J89, N89, ""#RIPNSFW"" ), "",\s*"", "" "") )"),"{New} Alina Lopez https://doodstream.com/d/gtspkov3pxoz/10005852 https://lulustream.com/d/ie592u4il31i https://streamtape.com/v/ZVrypKK4mQTqJ0Q/10005852 Vanna Bardot (2026) #BigTits #Hardcore #Creampie #Bigass #Blowjob #RIPNSFW") -> {New} Alina Lopez https://doodstream.com/d/gtspkov3pxoz/10005852 https://lulustream.com/d/ie592u4il31i https://streamtape.com/v/ZVrypKK4mQTqJ0Q/10005852 Vanna Bardot (2026) #BigTits #Hardcore #Creampie #Bigass #Blowjob #RIPNSFW | N89: #BigTits #Hardcore #Creampie #Bigass #Blowjob | O89: https://thumb.tapecontent.net/thumb/ZVrypKK4mQTqJ0Q/dKZBApL9KVSkyWO.jpg
A90: Alina Lopez - 39625651 - Onlyfans - Gizelle Blanco.jpg | B90: {New} | C90: =LEFT(A90,FIND("-",A90)-1) -> Alina Lopez | D90: https://doodstream.com/d/1h5e2prejd6a/ | E90: https://lulustream.com/d/plfx4sce1tfa | F90: =IFERROR(__xludf.DUMMYFUNCTION("""https://streamtape.com/v/""& REGEXEXTRACT(O90,""/thumb/([^/]+)/"")& ""/""&K90"),"https://streamtape.com/v/2k6pokg71OHZL3Q/39625651") -> https://streamtape.com/v/2k6pokg71OHZL3Q/39625651 | G90: =_xludf.CONCAT(D90,K90) -> #NAME? | H90: =IFERROR(__xludf.DUMMYFUNCTION("IFERROR(SUBSTITUTE(SUBSTITUTE(REGEXEXTRACT(A90, ""[^-]+- [^-]+- [^-]+ - (.+?)\.jpg""), "".jpg"", """"), ""-"", "", ""), """")"),"Gizelle Blanco") -> Gizelle Blanco | J90: =IF(B90="{New}", "(" & YEAR(TODAY()) & ")", "") -> (2026) | K90: =MID(A90,FIND("-",A90)+2,8) -> 39625651 | L90: #BigTits, #Hardcore, #Threesome, #Teen, #Latina, #Teens, #Amateur, #Blowjob, #Facial | M90: =IFERROR(__xludf.DUMMYFUNCTION("TRIM( REGEXREPLACE( TEXTJOIN("" "", TRUE, B90, C90, embaralharLinks(E90,F90,G90), H90, """", J90, N90, ""#RIPNSFW"" ), "",\s*"", "" "") )"),"{New} Alina Lopez https://doodstream.com/d/1h5e2prejd6a/39625651 https://streamtape.com/v/2k6pokg71OHZL3Q/39625651 https://lulustream.com/d/plfx4sce1tfa Gizelle Blanco (2026) #BigTits #Hardcore #Threesome #Teen #Latina #RIPNSFW") -> {New} Alina Lopez https://doodstream.com/d/1h5e2prejd6a/39625651 https://streamtape.com/v/2k6pokg71OHZL3Q/39625651 https://lulustream.com/d/plfx4sce1tfa Gizelle Blanco (2026) #BigTits #Hardcore #Threesome #Teen #Latina #RIPNSFW | N90: #BigTits #Hardcore #Threesome #Teen #Latina | O90: https://thumb.tapecontent.net/thumb/2k6pokg71OHZL3Q/ak9DZ9JpxmIxGXO.jpg
A91: Alina Lopez - 71148658 - ripnsfw.com.jpg | B91: {New} | C91: =LEFT(A91,FIND("-",A91)-1) -> Alina Lopez | D91: https://doodstream.com/d/reie84klo3bs/ | E91: https://lulustream.com/d/ren1veqq9y0f | F91: =IFERROR(__xludf.DUMMYFUNCTION("""https://streamtape.com/v/""& REGEXEXTRACT(O91,""/thumb/([^/]+)/"")& ""/""&K91"),"https://streamtape.com/v/gVw6R4Wbj3tzv3/71148658") -> https://streamtape.com/v/gVw6R4Wbj3tzv3/71148658 | G91: =_xludf.CONCAT(D91,K91) -> #NAME? | H91: =IFERROR(__xludf.DUMMYFUNCTION("IFERROR(SUBSTITUTE(SUBSTITUTE(REGEXEXTRACT(A91, ""[^-]+- [^-]+- [^-]+ - (.+?)\.jpg""), "".jpg"", """"), ""-"", "", ""), """")"),"") | J91: =IF(B91="{New}", "(" & YEAR(TODAY()) & ")", "") -> (2026) | K91: =MID(A91,FIND("-",A91)+2,8) -> 71148658 | L91: #MILF, #BigTits, #Creampie, #Hardcore, #Porn, #Blowjob, #Deepthroat | M91: =IFERROR(__xludf.DUMMYFUNCTION("TRIM( REGEXREPLACE( TEXTJOIN("" "", TRUE, B91, C91, embaralharLinks(E91,F91,G91), H91, """", J91, N91, ""#RIPNSFW"" ), "",\s*"", "" "") )"),"{New} Alina Lopez https://doodstream.com/d/reie84klo3bs/71148658 https://streamtape.com/v/gVw6R4Wbj3tzv3/71148658 https://lulustream.com/d/ren1veqq9y0f (2026) #MILF #BigTits #Creampie #Hardcore #RIPNSFW") -> {New} Alina Lopez https://doodstream.com/d/reie84klo3bs/71148658 https://streamtape.com/v/gVw6R4Wbj3tzv3/71148658 https://lulustream.com/d/ren1veqq9y0f (2026) #MILF #BigTits #Creampie #Hardcore #RIPNSFW | N91: #MILF #BigTits #Creampie #Hardcore | O91: https://thumb.tapecontent.net/thumb/gVw6R4Wbj3tzv3/e3D0xZDlzYIYVGz.jpg
A92: Alina Lopez - 74635123 - ripnsfw.com - Ava Amira.jpg | B92: {New} | C92: =LEFT(A92,FIND("-",A92)-1) -> Alina Lopez | D92: https://doodstream.com/d/hxwx1647nlm7/ | E92: https://lulustream.com/d/9kq2lmrbpuni | F92: =IFERROR(__xludf.DUMMYFUNCTION("""https://streamtape.com/v/""& REGEXEXTRACT(O92,""/thumb/([^/]+)/"")& ""/""&K92"),"https://streamtape.com/v/4oAGrDvKg9idYB/74635123") -> https://streamtape.com/v/4oAGrDvKg9idYB/74635123 | G92: =_xludf.CONCAT(D92,K92) -> #NAME? | H92: =IFERROR(__xludf.DUMMYFUNCTION("IFERROR(SUBSTITUTE(SUBSTITUTE(REGEXEXTRACT(A92, ""[^-]+- [^-]+- [^-]+ - (.+?)\.jpg""), "".jpg"", """"), ""-"", "", ""), """")"),"Ava Amira") -> Ava Amira | J92: =IF(B92="{New}", "(" & YEAR(TODAY()) & ")", "") -> (2026) | K92: =MID(A92,FIND("-",A92)+2,8) -> 74635123 | L92: #BigTits, #Hardcore, #Threesome, #Teen, #Blowjob, #Amateur, #Facial | M92: =IFERROR(__xludf.DUMMYFUNCTION("TRIM( REGEXREPLACE( TEXTJOIN("" "", TRUE, B92, C92, embaralharLinks(E92,F92,G92), H92, """", J92, N92, ""#RIPNSFW"" ), "",\s*"", "" "") )"),"{New} Alina Lopez https://lulustream.com/d/9kq2lmrbpuni https://doodstream.com/d/hxwx1647nlm7/74635123 https://streamtape.com/v/4oAGrDvKg9idYB/74635123 Ava Amira (2026) #BigTits #Hardcore #Threesome #Teen #Blowjob #RIPNSFW") -> {New} Alina Lopez https://lulustream.com/d/9kq2lmrbpuni https://doodstream.com/d/hxwx1647nlm7/74635123 https://streamtape.com/v/4oAGrDvKg9idYB/74635123 Ava Amira (2026) #BigTits #Hardcore #Threesome #Teen #Blowjob #RIPNSFW | N92: #BigTits #Hardcore #Threesome #Teen #Blowjob | O92: https://thumb.tapecontent.net/thumb/4oAGrDvKg9idYB/zpYrmA8AwWFYZvO.jpg
A93: Alyx Star - 90529176 - ripnsfw.com.jpg | B93: {New} | C93: =LEFT(A93,FIND("-",A93)-1) -> Alyx Star | D93: https://doodstream.com/d/91jhkeqlup2t/ | E93: https://lulustream.com/d/pzkqog7r5e3n | F93: =IFERROR(__xludf.DUMMYFUNCTION("""https://streamtape.com/v/""& REGEXEXTRACT(O93,""/thumb/([^/]+)/"")& ""/""&K93"),"https://streamtape.com/v/bZe0adGZqGUPjmQ/90529176") -> https://streamtape.com/v/bZe0adGZqGUPjmQ/90529176 | G93: =_xludf.CONCAT(D93,K93) -> #NAME? | H93: =IFERROR(__xludf.DUMMYFUNCTION("IFERROR(SUBSTITUTE(SUBSTITUTE(REGEXEXTRACT(A93, ""[^-]+- [^-]+- [^-]+ - (.+?)\.jpg""), "".jpg"", """"), ""-"", "", ""), """")"),"") | J93: =IF(B93="{New}", "(" & YEAR(TODAY()) & ")", "") -> (2026) | K93: =MID(A93,FIND("-",A93)+2,8) -> 90529176 | L93: #BigTits, #Hardcore, #Bigass, #Porn, #Teen, #Blowjob, #Deepthroat | M93: =IFERROR(__xludf.DUMMYFUNCTION("TRIM( REGEXREPLACE( TEXTJOIN("" "", TRUE, B93, C93, embaralharLinks(E93,F93,G93), H93, """", J93, N93, ""#RIPNSFW"" ), "",\s*"", "" "") )"),"{New} Alyx Star https://streamtape.com/v/bZe0adGZqGUPjmQ/90529176 https://lulustream.com/d/pzkqog7r5e3n https://doodstream.com/d/91jhkeqlup2t/90529176 (2026) #BigTits #Hardcore #Bigass #Porn #Teen #Blowjob #RIPNSFW") -> {New} Alyx Star https://streamtape.com/v/bZe0adGZqGUPjmQ/90529176 https://lulustream.com/d/pzkqog7r5e3n https://doodstream.com/d/91jhkeqlup2t/90529176 (2026) #BigTits #Hardcore #Bigass #Porn #Teen #Blowjob #RIPNSFW | N93: #BigTits #Hardcore #Bigass #Porn #Teen #Blowjob | O93: https://thumb.tapecontent.net/thumb/bZe0adGZqGUPjmQ/q9zGe3WJkLHyXq.jpg
A94: Amy Rose - 11992120 - Onlyfans.jpg | B94: {New} | C94: =LEFT(A94,FIND("-",A94)-1) -> Amy Rose | D94: https://doodstream.com/d/8vtltznlolym/ | E94: https://lulustream.com/d/asp928psjle8 | F94: =IFERROR(__xludf.DUMMYFUNCTION("""https://streamtape.com/v/""& REGEXEXTRACT(O94,""/thumb/([^/]+)/"")& ""/""&K94"),"https://streamtape.com/v/GPQqrQGGkrT1GXJ/11992120") -> https://streamtape.com/v/GPQqrQGGkrT1GXJ/11992120 | G94: =_xludf.CONCAT(D94,K94) -> #NAME? | H94: =IFERROR(__xludf.DUMMYFUNCTION("IFERROR(SUBSTITUTE(SUBSTITUTE(REGEXEXTRACT(A94, ""[^-]+- [^-]+- [^-]+ - (.+?)\.jpg""), "".jpg"", """"), ""-"", "", ""), """")"),"") | J94: =IF(B94="{New}", "(" & YEAR(TODAY()) & ")", "") -> (2026) | K94: =MID(A94,FIND("-",A94)+2,8) -> 11992120 | L94: #BigTits, #Bigass, #Teen, #Teens, #Blowjob, #Amateur, #Deepthroat, #Blonde, #Facial | M94: =IFERROR(__xludf.DUMMYFUNCTION("TRIM( REGEXREPLACE( TEXTJOIN("" "", TRUE, B94, C94, embaralharLinks(E94,F94,G94), H94, """", J94, N94, ""#RIPNSFW"" ), "",\s*"", "" "") )"),"{New} Amy Rose https://streamtape.com/v/GPQqrQGGkrT1GXJ/11992120 https://doodstream.com/d/8vtltznlolym/11992120 https://lulustream.com/d/asp928psjle8 (2026) #BigTits #Bigass #Teen #Teens #Blowjob #Amateur #RIPNSFW") -> {New} Amy Rose https://streamtape.com/v/GPQqrQGGkrT1GXJ/11992120 https://doodstream.com/d/8vtltznlolym/11992120 https://lulustream.com/d/asp928psjle8 (2026) #BigTits #Bigass #Teen #Teens #Blowjob #Amateur #RIPNSFW | N94: #BigTits #Bigass #Teen #Teens #Blowjob #Amateur | O94: https://thumb.tapecontent.net/thumb/GPQqrQGGkrT1GXJ/6Pd4vk7mL0H93qP.jpg
A95: Amy Rose - 15675021 - Onlyfans.jpg | B95: {New} | C95: =LEFT(A95,FIND("-",A95)-1) -> Amy Rose | D95: https://doodstream.com/d/0py6vqqjm9pb/ | E95: https://lulustream.com/d/wc4cdpfbphfv | F95: =IFERROR(__xludf.DUMMYFUNCTION("""https://streamtape.com/v/""& REGEXEXTRACT(O95,""/thumb/([^/]+)/"")& ""/""&K95"),"https://streamtape.com/v/LpAxXPx1QlT64y/15675021") -> https://streamtape.com/v/LpAxXPx1QlT64y/15675021 | G95: =_xludf.CONCAT(D95,K95) -> #NAME? | H95: =IFERROR(__xludf.DUMMYFUNCTION("IFERROR(SUBSTITUTE(SUBSTITUTE(REGEXEXTRACT(A95, ""[^-]+- [^-]+- [^-]+ - (.+?)\.jpg""), "".jpg"", """"), ""-"", "", ""), """")"),"") | J95: =IF(B95="{New}", "(" & YEAR(TODAY()) & ")", "") -> (2026) | K95: =MID(A95,FIND("-",A95)+2,8) -> 15675021 | L95: #BigTits, #Hardcore, #Bigass, #Teen, #Artporn, #Teens, #Blowjob, #Amateur, #Deepthroat, #Blonde | M95: =IFERROR(__xludf.DUMMYFUNCTION("TRIM( REGEXREPLACE( TEXTJOIN("" "", TRUE, B95, C95, embaralharLinks(E95,F95,G95), H95, """", J95, N95, ""#RIPNSFW"" ), "",\s*"", "" "") )"),"{New} Amy Rose https://streamtape.com/v/LpAxXPx1QlT64y/15675021 https://doodstream.com/d/0py6vqqjm9pb/15675021 https://lulustream.com/d/wc4cdpfbphfv (2026) #BigTits #Hardcore #Bigass #Teen #Artporn #Teens #Blowjob #Amateur #RIPNSFW") -> {New} Amy Rose https://streamtape.com/v/LpAxXPx1QlT64y/15675021 https://doodstream.com/d/0py6vqqjm9pb/15675021 https://lulustream.com/d/wc4cdpfbphfv (2026) #BigTits #Hardcore #Bigass #Teen #Artporn #Teens #Blowjob #Amateur #RIPNSFW | N95: #BigTits #Hardcore #Bigass #Teen #Artporn #Teens #Blowjob #Amateur | O95: https://thumb.tapecontent.net/thumb/LpAxXPx1QlT64y/GGYdZy9VLkhl3J.jpg
A96: Amy Rose - 31711047 - Onlyfans.jpg | B96: {New} | C96: =LEFT(A96,FIND("-",A96)-1) -> Amy Rose | D96: https://doodstream.com/d/y473vrt32bk8/ | E96: https://lulustream.com/d/ielday2z6wym | F96: =IFERROR(__xludf.DUMMYFUNCTION("""https://streamtape.com/v/""& REGEXEXTRACT(O96,""/thumb/([^/]+)/"")& ""/""&K96"),"https://streamtape.com/v/AAopzmpAoYiXyLr/31711047") -> https://streamtape.com/v/AAopzmpAoYiXyLr/31711047 | G96: =_xludf.CONCAT(D96,K96) -> #NAME? | H96: =IFERROR(__xludf.DUMMYFUNCTION("IFERROR(SUBSTITUTE(SUBSTITUTE(REGEXEXTRACT(A96, ""[^-]+- [^-]+- [^-]+ - (.+?)\.jpg""), "".jpg"", """"), ""-"", "", ""), """")"),"") | J96: =IF(B96="{New}", "(" & YEAR(TODAY()) & ")", "") -> (2026) | K96: =MID(A96,FIND("-",A96)+2,8) -> 31711047 | L96: #BigTits, #Hardcore, #Bigass, #Teen | M96: =IFERROR(__xludf.DUMMYFUNCTION("TRIM( REGEXREPLACE( TEXTJOIN("" "", TRUE, B96, C96, embaralharLinks(E96,F96,G96), H96, """", J96, N96, ""#RIPNSFW"" ), "",\s*"", "" "") )"),"{New} Amy Rose https://streamtape.com/v/AAopzmpAoYiXyLr/31711047 https://lulustream.com/d/ielday2z6wym https://doodstream.com/d/y473vrt32bk8/31711047 (2026) #BigTits #Hardcore #Bigass #Teen #RIPNSFW") -> {New} Amy Rose https://streamtape.com/v/AAopzmpAoYiXyLr/31711047 https://lulustream.com/d/ielday2z6wym https://doodstream.com/d/y473vrt32bk8/31711047 (2026) #BigTits #Hardcore #Bigass #Teen #RIPNSFW | N96: #BigTits #Hardcore #Bigass #Teen | O96: https://thumb.tapecontent.net/thumb/AAopzmpAoYiXyLr/Mrxdk70v2eIezW.jpg
A97: Amy Rose - 32868523 - Onlyfans.jpg | B97: {New} | C97: =LEFT(A97,FIND("-",A97)-1) -> Amy Rose | D97: https://doodstream.com/d/wqgkspl5273t/ | E97: https://lulustream.com/d/xw3quvykntrz | F97: =IFERROR(__xludf.DUMMYFUNCTION("""https://streamtape.com/v/""& REGEXEXTRACT(O97,""/thumb/([^/]+)/"")& ""/""&K97"),"https://streamtape.com/v/Qe8O3JRBgaI8rQ/32868523") -> https://streamtape.com/v/Qe8O3JRBgaI8rQ/32868523 | G97: =_xludf.CONCAT(D97,K97) -> #NAME? | H97: =IFERROR(__xludf.DUMMYFUNCTION("IFERROR(SUBSTITUTE(SUBSTITUTE(REGEXEXTRACT(A97, ""[^-]+- [^-]+- [^-]+ - (.+?)\.jpg""), "".jpg"", """"), ""-"", "", ""), """")"),"") | J97: =IF(B97="{New}", "(" & YEAR(TODAY()) & ")", "") -> (2026) | K97: =MID(A97,FIND("-",A97)+2,8) -> 32868523 | L97: #BigTits, #Hardcore, #Creampie, #Bigass, #Teen, #Blowjob, #Amateur, #Blonde | M97: =IFERROR(__xludf.DUMMYFUNCTION("TRIM( REGEXREPLACE( TEXTJOIN("" "", TRUE, B97, C97, embaralharLinks(E97,F97,G97), H97, """", J97, N97, ""#RIPNSFW"" ), "",\s*"", "" "") )"),"{New} Amy Rose https://lulustream.com/d/xw3quvykntrz https://streamtape.com/v/Qe8O3JRBgaI8rQ/32868523 https://doodstream.com/d/wqgkspl5273t/32868523 (2026) #BigTits #Hardcore #Creampie #Bigass #RIPNSFW") -> {New} Amy Rose https://lulustream.com/d/xw3quvykntrz https://streamtape.com/v/Qe8O3JRBgaI8rQ/32868523 https://doodstream.com/d/wqgkspl5273t/32868523 (2026) #BigTits #Hardcore #Creampie #Bigass #RIPNSFW | N97: #BigTits #Hardcore #Creampie #Bigass | O97: https://thumb.tapecontent.net/thumb/Qe8O3JRBgaI8rQ/8PWrRDd63oHooLx.jpg
A98: Amy Rose - 34061424 - Onlyfans.jpg | B98: {New} | C98: =LEFT(A98,FIND("-",A98)-1) -> Amy Rose | D98: https://doodstream.com/d/hv64hzj45lu5/ | E98: https://lulustream.com/d/8rviiecnvzxq | F98: =IFERROR(__xludf.DUMMYFUNCTION("""https://streamtape.com/v/""& REGEXEXTRACT(O98,""/thumb/([^/]+)/"")& ""/""&K98"),"https://streamtape.com/v/r8X4JwOV27fb7Jy/34061424") -> https://streamtape.com/v/r8X4JwOV27fb7Jy/34061424 | G98: =_xludf.CONCAT(D98,K98) -> #NAME? | H98: =IFERROR(__xludf.DUMMYFUNCTION("IFERROR(SUBSTITUTE(SUBSTITUTE(REGEXEXTRACT(A98, ""[^-]+- [^-]+- [^-]+ - (.+?)\.jpg""), "".jpg"", """"), ""-"", "", ""), """")"),"") | J98: =IF(B98="{New}", "(" & YEAR(TODAY()) & ")", "") -> (2026) | K98: =MID(A98,FIND("-",A98)+2,8) -> 34061424 | L98: #BigTits, #Bigass, #Teen, #Blowjob | M98: =IFERROR(__xludf.DUMMYFUNCTION("TRIM( REGEXREPLACE( TEXTJOIN("" "", TRUE, B98, C98, embaralharLinks(E98,F98,G98), H98, """", J98, N98, ""#RIPNSFW"" ), "",\s*"", "" "") )"),"{New} Amy Rose https://lulustream.com/d/8rviiecnvzxq https://streamtape.com/v/r8X4JwOV27fb7Jy/34061424 https://doodstream.com/d/hv64hzj45lu5/34061424 (2026) #BigTits #Bigass #Teen #Blowjob #RIPNSFW") -> {New} Amy Rose https://lulustream.com/d/8rviiecnvzxq https://streamtape.com/v/r8X4JwOV27fb7Jy/34061424 https://doodstream.com/d/hv64hzj45lu5/34061424 (2026) #BigTits #Bigass #Teen #Blowjob #RIPNSFW | N98: #BigTits #Bigass #Teen #Blowjob | O98: https://thumb.tapecontent.net/thumb/r8X4JwOV27fb7Jy/kWmP8MZAgXUy2r.jpg
A99: Amy Rose - 42163415 - Onlyfans.jpg | B99: {New} | C99: =LEFT(A99,FIND("-",A99)-1) -> Amy Rose | D99: https://doodstream.com/d/1iqt7c9qt6ep/ | E99: https://lulustream.com/d/odfvou546p6r | F99: =IFERROR(__xludf.DUMMYFUNCTION("""https://streamtape.com/v/""& REGEXEXTRACT(O99,""/thumb/([^/]+)/"")& ""/""&K99"),"https://streamtape.com/v/mwb710VDzKIbxb9/42163415") -> https://streamtape.com/v/mwb710VDzKIbxb9/42163415 | G99: =_xludf.CONCAT(D99,K99) -> #NAME? | H99: =IFERROR(__xludf.DUMMYFUNCTION("IFERROR(SUBSTITUTE(SUBSTITUTE(REGEXEXTRACT(A99, ""[^-]+- [^-]+- [^-]+ - (.+?)\.jpg""), "".jpg"", """"), ""-"", "", ""), """")"),"") | J99: =IF(B99="{New}", "(" & YEAR(TODAY()) & ")", "") -> (2026) | K99: =MID(A99,FIND("-",A99)+2,8) -> 42163415 | L99: #BigTits, #Hardcore, #Bigass, #Teen, #Roleplay, #Teens, #Amateur, #Blowjob, #Deepthroat, #Blonde, #Facial | M99: =IFERROR(__xludf.DUMMYFUNCTION("TRIM( REGEXREPLACE( TEXTJOIN("" "", TRUE, B99, C99, embaralharLinks(E99,F99,G99), H99, """", J99, N99, ""#RIPNSFW"" ), "",\s*"", "" "") )"),"{New} Amy Rose https://streamtape.com/v/mwb710VDzKIbxb9/42163415 https://doodstream.com/d/1iqt7c9qt6ep/42163415 https://lulustream.com/d/odfvou546p6r (2026) #BigTits #Hardcore #Bigass #Teen #Roleplay #Teens #Amateur #Blowjob #Deepthroat #RIPNSFW") -> {New} Amy Rose https://streamtape.com/v/mwb710VDzKIbxb9/42163415 https://doodstream.com/d/1iqt7c9qt6ep/42163415 https://lulustream.com/d/odfvou546p6r (2026) #BigTits #Hardcore #Bigass #Teen #Roleplay #Teens #Amateur #Blowjob #Deepthroat #RIPNSFW | N99: #BigTits #Hardcore #Bigass #Teen #Roleplay #Teens #Amateur #Blowjob #Deepthroat | O99: https://thumb.tapecontent.net/thumb/mwb710VDzKIbxb9/lWMGq61RZwC7Myl.jpg
A100: Amy Rose - 46469035 - Onlyfans.jpg | B100: {New} | C100: =LEFT(A100,FIND("-",A100)-1) -> Amy Rose | D100: https://doodstream.com/d/89zgz9rdddzu/ | E100: https://lulustream.com/d/h5snltgj7qye | F100: =IFERROR(__xludf.DUMMYFUNCTION("""https://streamtape.com/v/""& REGEXEXTRACT(O100,""/thumb/([^/]+)/"")& ""/""&K100"),"https://streamtape.com/v/BL79djK6Zeh6ja/46469035") -> https://streamtape.com/v/BL79djK6Zeh6ja/46469035 | G100: =_xludf.CONCAT(D100,K100) -> #NAME? | H100: =IFERROR(__xludf.DUMMYFUNCTION("IFERROR(SUBSTITUTE(SUBSTITUTE(REGEXEXTRACT(A100, ""[^-]+- [^-]+- [^-]+ - (.+?)\.jpg""), "".jpg"", """"), ""-"", "", ""), """")"),"") | J100: =IF(B100="{New}", "(" & YEAR(TODAY()) & ")", "") -> (2026) | K100: =MID(A100,FIND("-",A100)+2,8) -> 46469035 | L100: #BigTits, #Hardcore, #Bigass, #Teen | M100: =IFERROR(__xludf.DUMMYFUNCTION("TRIM( REGEXREPLACE( TEXTJOIN("" "", TRUE, B100, C100, embaralharLinks(E100,F100,G100), H100, """", J100, N100, ""#RIPNSFW"" ), "",\s*"", "" "") )"),"{New} Amy Rose https://doodstream.com/d/89zgz9rdddzu/46469035 https://lulustream.com/d/h5snltgj7qye https://streamtape.com/v/BL79djK6Zeh6ja/46469035 (2026) #BigTits #Hardcore #Bigass #Teen #RIPNSFW") -> {New} Amy Rose https://doodstream.com/d/89zgz9rdddzu/46469035 https://lulustream.com/d/h5snltgj7qye https://streamtape.com/v/BL79djK6Zeh6ja/46469035 (2026) #BigTits #Hardcore #Bigass #Teen #RIPNSFW | N100: #BigTits #Hardcore #Bigass #Teen | O100: https://thumb.tapecontent.net/thumb/BL79djK6Zeh6ja/4BRL2Y2RMXSKj0p.jpg
...

Sheet Página1
A1: POST | B1: THUMB | C1: VIDEO | D1: VIEWS
A2: =New!M:M -> {New} Abbie Sykes https://lulustream.com/d/tkl7lny2e6ta https://streamtape.com/v/yPdwROL8ZwH3Qa/99599676 https://doodstream.com/d/iwq3xu4r8tsg/99599676 (2026) #Hardcore #Threesome #Bigass #Teen #RIPNSFW | B2: =New!A:A -> Abbie Sykes - 99599676 - ripnsfw.com.jpg | C2: ripnsfw222.mp4 | D2: =New!P:P -> 0
A3: =New!M:M -> {New} Abigaiil Morris https://doodstream.com/d/s5upwfgb0e1n/33943707 https://lulustream.com/d/hodrrnuyu917 https://streamtape.com/v/BJ3Gj7o3lkcyZb6/33943707 (2026) #BigTits #Creampie #Hardcore #Bigass #Teen #Blowjob #RIPNSFW | B3: =New!A:A -> Abigaiil Morris - 33943707 - ripnsfw.com.jpg | C3: ripnsfw222.mp4 | D3: =New!P:P -> 0
A4: =New!M:M -> {New} Abigaiil Morris https://streamtape.com/v/vxMBoKwORPCJpO/91692587 https://lulustream.com/d/blm3qsuunjcw https://doodstream.com/d/b3z64gcsi3ef/91692587 (2026) #BigTits #Black #Interracial #Bigass #Teen #Blowjob #RIPNSFW | B4: =New!A:A -> Abigaiil Morris - 91692587 - ripnsfw.com.jpg | C4: ripnsfw222.mp4 | D4: =New!P:P -> 0
A5: =New!M:M -> {New} Addison Vodka https://streamtape.com/v/BqxkdYRDDbsyz2o/47359261 https://lulustream.com/d/kxhttf9kyu59 https://doodstream.com/d/4a8gvzx3zlsj/47359261 (2026) #Hardcore #Piss #Teen #Blowjob #RIPNSFW | B5: =New!A:A -> Addison Vodka - 47359261 - Onlyfans.jpg | C5: ripnsfw222.mp4 | D5: =New!P:P -> 0
A6: =New!M:M -> {New} Adriana Chechik https://streamtape.com/v/ZDyaom2V3mUqb6B/30957968 https://doodstream.com/d/iw4qvl4tyiu4/30957968 https://lulustream.com/d/qplmyjy6230d (2026) #MILF #Hardcore #Porn #Teen #Blowjob #Deepthroat #RIPNSFW | B6: =New!A:A -> Adriana Chechik - 30957968 - ripnsfw.com.jpg | C6: ripnsfw222.mp4 | D6: =New!P:P -> 0
A7: =New!M:M -> {New} Adriana Chechik https://streamtape.com/v/4XpOdzjQ9DUKRDX/34528255 https://lulustream.com/d/m4q76vm6vdz8 https://doodstream.com/d/oynafg1m456b/34528255 Kimmy Granger (2026) #MILF #BigTits #Hardcore #Threesome #RIPNSFW | B7: =New!A:A -> Adriana Chechik - 34528255 - Onlyfans - Kimmy Granger.jpg | C7: ripnsfw222.mp4 | D7: =New!P:P -> 0
A8: =New!M:M -> {New} Adriana Chechik https://lulustream.com/d/ru8de3p9o4cs https://streamtape.com/v/ykK684mJqei1Akw/51420656 https://doodstream.com/d/grn1adoy03ts/51420656 (2026) #MILF #Blowjob #Amateur #Hotwife #RIPNSFW | B8: =New!A:A -> Adriana Chechik - 51420656 - Onlyfans.jpg | C8: ripnsfw222.mp4 | D8: =New!P:P -> 0
A9: =New!M:M -> {New} Adriana Chechik https://doodstream.com/d/asxvhhf5pzc0/59972113 https://streamtape.com/v/pgbZd2DxRBsryWr/59972113 https://lulustream.com/d/yddqas6660uo (2026) #Anal #MILF #Hardcore #Porn #Blowjob #RIPNSFW | B9: =New!A:A -> Adriana Chechik - 59972113 - Tushy.jpg | C9: ripnsfw222.mp4 | D9: =New!P:P -> 0
A10: =New!M:M -> {New} Adriana Chechik https://doodstream.com/d/6nkhfsi7h1rn/60434496 https://lulustream.com/d/10eqg0h4m2mj https://streamtape.com/v/pY1k88evJpSWml/60434496 Lena the plug (2026) #MILF #BigTits #Hardcore #Threesome #Bigass #Blowjob #Amateur #Facial #RIPNSFW | B10: =New!A:A -> Adriana Chechik - 60434496 - ripnsfw.com - Lena the plug.jpg | C10: ripnsfw222.mp4 | D10: =New!P:P -> 0
A11: =New!M:M -> {New} Adriana Chechik https://doodstream.com/d/z5rv7rlp8qpb/69701197 https://streamtape.com/v/Qe7Rr1aepztrOa/69701197 https://lulustream.com/d/fsgom1xzeb29 (2026) #Anal #MILF #BigTits #Hardcore #RIPNSFW | B11: =New!A:A -> Adriana Chechik - 69701197 - Onlyfans.jpg | C11: ripnsfw222.mp4 | D11: =New!P:P -> 0
A12: =New!M:M -> {New} Adriana Chechik https://lulustream.com/d/p5yx1cweyqbf https://doodstream.com/d/4890kzdzvprn/78872640 https://streamtape.com/v/6XqxDbemVJiv1o/78872640 (2026) #Anal #MILF #BigTits #Hardcore #RIPNSFW | B12: =New!A:A -> Adriana Chechik - 78872640 - Onlyfans.jpg | C12: ripnsfw222.mp4 | D12: =New!P:P -> 0
A13: =New!M:M -> {New} Alanna Pow https://streamtape.com/v/Xya4vBeZkmUXy1/15841633 https://doodstream.com/d/ccfg6h6q5f0r/15841633 https://lulustream.com/d/2qov6vidlykk (2026) #BigTits #Bigass #Teen #Blowjob #RIPNSFW | B13: =New!A:A -> Alanna Pow - 15841633 - Onlyfans.jpg | C13: ripnsfw222.mp4 | D13: =New!P:P -> 0
... A1791: =New!M:M -> {New} Vivian Taylor https://streamtape.com/v/4vGp2JRrqxCKobZ/52516759 https://doodstream.com/d/d8ldui0um55e/52516759 https://lulustream.com/d/nths7amrmmij (2026) #MILF #BigTits #Hardcore #Bigass #Porn #Blowjob #RIPNSFW | B1791: =New!A:A -> Vivian Taylor - 52516759 - ripnsfw.com.jpg | C1791: ripnsfw222.mp4 | D1791: =New!P:P -> 0
A1792: =New!M:M -> 0 | B1792: =New!A:A -> 0 | D1792: =New!P:P -> 0
A1793: =New!M:M -> 0 | B1793: =New!A:A -> 0 | D1793: =New!P:P -> 0
A1794: =New!M:M -> 0 | B1794: =New!A:A -> 0 | D1794: =New!P:P -> 0
A1795: =New!M:M -> 0 | B1795: =New!A:A -> 0 | D1795: =New!P:P -> 0
A1796: =New!M:M -> 0 | B1796: =New!A:A -> 0 | D1796: =New!P:P -> 0
A1797: =New!M:M -> 0 | B1797: =New!A:A -> 0 | D1797: =New!P:P -> 0
A1798: =New!M:M -> 0 | B1798: =New!A:A -> 0 | D1798: =New!P:P -> 0
A1799: =New!M:M -> 0 | B1799: =New!A:A -> 0 | D1799: =New!P:P -> 0
A1800: =New!M:M -> 0 | B1800: =New!A:A -> 0 | D1800: =New!P:P -> 0
A1801: =New!M:M -> 0 | B1801: =New!A:A -> 0 | D1801: =New!P:P -> 0
A1802: =New!M:M -> 0 | B1802: =New!A:A -> 0 | D1802: =New!P:P -> 0
A1803: =New!M:M -> 0 | B1803: =New!A:A -> 0 | D1803: =New!P:P -> 0
... A1985: =New!M:M -> 0 | B1985: =New!A:A -> 0 | D1985: =New!P:P -> 0

Sheet MODELOS
A1: Addison Vodka | B1: #teen #blonde #lingerie #wife | D1: #Anal
A2: Adriana Chechik | B2: #milf #bigtits #bigass #pornstar | D2: #French
A3: Alanna Pow | B3: #teen #bigtits #bigass #blonde | D3: #MILF
A4: Alexa Pearl | B4: #milf #bigtits #brunette #hotwife | D4: #BigTits
A5: Alexis Texas | B5: #milf #bigass #blonde #pornstar | D5: #Casting
A6: AlicexMaia | B6: #teen #blonde #bigtits #bigass | D6: #Lesbian
A7: Alina | B7: #teen #brunette #bigass #bigtits | D7: #Creampie
A8: Amy Rose | B8: #teen #blonde #bigtits #bigass | D8: #Hardcore
A9: Angel Youngs | B9: #teen #blonde #bigtits #pornstar | D9: #Asian
A10: Angela White | B10: #milf #bigtits #bigass #pornstar | D10: #Gangbang
A11: Angie Faith | B11: #teen #bigtits #bigass #blonde | D11: #Piss
A12: Anna | B12: #teen #bigtits #brunette #bigass | D12: #Trans
... A45: Gigi Talamini | B45: #teen #blonde #bigtits #bigass | D45: #Pregnant
A46: Gina Valentina | B46: #bigtits #bigass #latina #pornstar
A47: GwenGwiz | B47: #blonde #bigtits #hotwife #lingerie
A48: Hailey Rose | B48: #bigtits #brunette #indian #teen
A49: Haley Spades | B49: #bigass #blonde #teen #pornstar
A50: Happy_Yulia | B50: #bigtits #bigass #blonde #teen
A51: Hayley Davies | B51: #milf #bigtits #bigass #blonde
A52: Indica Flower | B52: #milf #bigtits #bigass #pornstar
A53: Ivy Lebelle | B53: #milf #bigtits #bigass #pornstar
A54: Izzy | B54: #teen #blonde #bigass #lingerie
A55: JackandJill | B55: #milf #blonde #bigtits #amateur
A56: JadeTeen | B56: #teen #bigtits #bigass #brunette
A57: Jamie Young | B57: #teen #bigass #brunette #lingerie
... A135: ZiaFox | B135: #teen #bigtits #bigass #redhead

Sheet Página11
A1: NAME_.jpg | B1: {New} | C1: =LEFT(A1,FIND("-",A1)-1) -> #VALUE! | D1: https://doodstream.com/d/CODE/ | E1: https://lulustream.com/d/CODE | F1: https://vidnest.io/CODE | G1: =_xludf.CONCAT(D1,K1) -> #NAME? | H1: =IFERROR(__xludf.DUMMYFUNCTION("IFERROR(SUBSTITUTE(SUBSTITUTE(REGEXEXTRACT(A1, ""[^-]+- [^-]+- [^-]+ - (.+?)\.jpg""), "".jpg"", """"), ""-"", "", ""), """")"),"") | I1: =IFERROR(__xludf.DUMMYFUNCTION("TRIM(IFERROR(MID(A1, FIND("" - "", A1, FIND("" - "", A1) + 1) + 3, FIND("" - "", A1, FIND("" - "", A1, FIND("" - "", A1) + 1) + 1) - (FIND("" - "", A1, FIND("" - "", A1) + 1) + 3)), SPLIT(MID(A1, FIND("" - "", A1, FIND("" - "", A1) + 1) + 3, LEN(A1)), """&"."")))"),"#VALUE!") -> #VALUE! | J1: =IF(B1="{New}", "(" & YEAR(TODAY()) & ")", "") -> (2026) | K1: =MID(A1,FIND("-",A1)+2,8) -> #VALUE! | M1: =IFERROR(__xludf.DUMMYFUNCTION("TRIM( REGEXREPLACE( TEXTJOIN("" "", TRUE, B1, C1, embaralharLinks(E1,F1,G1), H1, """", J1, N1, ""#RIPNSFW"" ), "",\s*"", "" "") )"),"#VALUE!") -> #VALUE! | O1: https://thumbcdn.com/splash/CODE.jpg | P1: 0

Sheet Página13
A1: <!-- Addison Vodka - 47359261 - Onlyfans --> | B1: =IFERROR(__xludf.DUMMYFUNCTION("ARRAYFORMULA(FILTER(REGEXEXTRACT(A1:A4000,""<!-- (.*) -->""), REGEXMATCH(A1:A4000,""<!--"")))"),"Addison Vodka - 47359261 - Onlyfans") -> Addison Vodka - 47359261 - Onlyfans | C1: =IFERROR(__xludf.DUMMYFUNCTION("ARRAYFORMULA(FILTER(A2:A4000, MOD(ROW(A2:A4000)-2,3)=0))"),"https://thumbcdn.com/splash/nu5qur8og9tqb50k.jpg") -> https://thumbcdn.com/splash/nu5qur8og9tqb50k.jpg | D1: Addison Vodka - 47359261 - Onlyfans.jpg | E1: =IFERROR(__xludf.DUMMYFUNCTION("ARRAYFORMULA(IF(B1:B15198="""", """", IF(REGEXEXTRACT(B1:B15198,""- ([0-9]+) -"") = REGEXEXTRACT(D1:D15198,""- ([0-9]+) -""), ""OK"", ""NÃO ENCONTRADO"")))"),"OK") -> OK | G1: NOME | H1: ID
A2: https://thumbcdn.com/splash/nu5qur8og9tqb50k.jpg | B2: =IFERROR(__xludf.DUMMYFUNCTION("""COMPUTED_VALUE"""),"Adriana Chechik - 34528255 - Onlyfans - Kimmy Granger") -> Adriana Chechik - 34528255 - Onlyfans - Kimmy Granger | C2: =IFERROR(__xludf.DUMMYFUNCTION("""COMPUTED_VALUE"""),"https://thumbcdn.com/splash/wkufiau460owcq76.jpg") -> https://thumbcdn.com/splash/wkufiau460owcq76.jpg | D2: Adriana Chechik - 34528255 - Onlyfans - Kimmy Granger.jpg | E2: =IFERROR(__xludf.DUMMYFUNCTION("""COMPUTED_VALUE"""),"OK") -> OK | G2: Addison Vodka | H2: 47359261
B3: =IFERROR(__xludf.DUMMYFUNCTION("""COMPUTED_VALUE"""),"Adriana Chechik - 51420656 - Onlyfans") -> Adriana Chechik - 51420656 - Onlyfans | C3: =IFERROR(__xludf.DUMMYFUNCTION("""COMPUTED_VALUE"""),"https://thumbcdn.com/splash/mstx7nv42qlvlddi.jpg") -> https://thumbcdn.com/splash/mstx7nv42qlvlddi.jpg | D3: Adriana Chechik - 51420656 - Onlyfans.jpg | E3: =IFERROR(__xludf.DUMMYFUNCTION("""COMPUTED_VALUE"""),"OK") -> OK | G3: Adriana Chechik | H3: 34528255
A4: <!-- Adriana Chechik - 34528255 - Onlyfans - Kimmy Granger --> | B4: =IFERROR(__xludf.DUMMYFUNCTION("""COMPUTED_VALUE"""),"Adriana Chechik - 59972113 - Tushy") -> Adriana Chechik - 59972113 - Tushy | C4: =IFERROR(__xludf.DUMMYFUNCTION("""COMPUTED_VALUE"""),"https://thumbcdn.com/splash/hh6btwx54i0ymciq.jpg") -> https://thumbcdn.com/splash/hh6btwx54i0ymciq.jpg | D4: Adriana Chechik - 59972113 - Tushy.jpg | E4: =IFERROR(__xludf.DUMMYFUNCTION("""COMPUTED_VALUE"""),"OK") -> OK | G4: Adriana Chechik | H4: 51420656
A5: https://thumbcdn.com/splash/wkufiau460owcq76.jpg | B5: =IFERROR(__xludf.DUMMYFUNCTION("""COMPUTED_VALUE"""),"Adriana Chechik - 69701197 - Onlyfans") -> Adriana Chechik - 69701197 - Onlyfans | C5: =IFERROR(__xludf.DUMMYFUNCTION("""COMPUTED_VALUE"""),"https://thumbcdn.com/splash/0n7loh0bjp11jigp.jpg") -> https://thumbcdn.com/splash/0n7loh0bjp11jigp.jpg | D5: Adriana Chechik - 69701197 - Onlyfans.jpg | E5: =IFERROR(__xludf.DUMMYFUNCTION("""COMPUTED_VALUE"""),"OK") -> OK | G5: Adriana Chechik | H5: 59972113
B6: =IFERROR(__xludf.DUMMYFUNCTION("""COMPUTED_VALUE"""),"Adriana Chechik - 78872640 - Onlyfans") -> Adriana Chechik - 78872640 - Onlyfans | C6: =IFERROR(__xludf.DUMMYFUNCTION("""COMPUTED_VALUE"""),"https://thumbcdn.com/splash/zt9i0jjrmc4bm8j1.jpg") -> https://thumbcdn.com/splash/zt9i0jjrmc4bm8j1.jpg | D6: Adriana Chechik - 78872640 - Onlyfans.jpg | E6: =IFERROR(__xludf.DUMMYFUNCTION("""COMPUTED_VALUE"""),"OK") -> OK | G6: Adriana Chechik | H6: 69701197
A7: <!-- Adriana Chechik - 51420656 - Onlyfans --> | B7: =IFERROR(__xludf.DUMMYFUNCTION("""COMPUTED_VALUE"""),"Alanna Pow - 15841633 - Onlyfans") -> Alanna Pow - 15841633 - Onlyfans | C7: =IFERROR(__xludf.DUMMYFUNCTION("""COMPUTED_VALUE"""),"https://thumbcdn.com/splash/65k7ydc4sz0iagos.jpg") -> https://thumbcdn.com/splash/65k7ydc4sz0iagos.jpg | D7: Alanna Pow - 15841633 - Onlyfans.jpg | E7: =IFERROR(__xludf.DUMMYFUNCTION("""COMPUTED_VALUE"""),"OK") -> OK | G7: Adriana Chechik | H7: 78872640
A8: https://thumbcdn.com/splash/mstx7nv42qlvlddi.jpg | B8: =IFERROR(__xludf.DUMMYFUNCTION("""COMPUTED_VALUE"""),"Alanna Pow - 17563322 - Onlyfans") -> Alanna Pow - 17563322 - Onlyfans | C8: =IFERROR(__xludf.DUMMYFUNCTION("""COMPUTED_VALUE"""),"https://thumbcdn.com/splash/bnggdihvxysua5ro.jpg") -> https://thumbcdn.com/splash/bnggdihvxysua5ro.jpg | D8: Alanna Pow - 17563322 - Onlyfans.jpg | E8: =IFERROR(__xludf.DUMMYFUNCTION("""COMPUTED_VALUE"""),"OK") -> OK | G8: Alanna Pow | H8: 15841633
B9: =IFERROR(__xludf.DUMMYFUNCTION("""COMPUTED_VALUE"""),"Alanna Pow - 19034023 - Onlyfans") -> Alanna Pow - 19034023 - Onlyfans | C9: =IFERROR(__xludf.DUMMYFUNCTION("""COMPUTED_VALUE"""),"https://thumbcdn.com/splash/ulyf1nrhddqddcrh.jpg") -> https://thumbcdn.com/splash/ulyf1nrhddqddcrh.jpg | D9: Alanna Pow - 19034023 - Onlyfans.jpg | E9: =IFERROR(__xludf.DUMMYFUNCTION("""COMPUTED_VALUE"""),"OK") -> OK | G9: Alanna Pow | H9: 17563322
A10: <!-- Adriana Chechik - 59972113 - Tushy --> | B10: =IFERROR(__xludf.DUMMYFUNCTION("""COMPUTED_VALUE"""),"Alanna Pow - 22226111 - Onlyfans") -> Alanna Pow - 22226111 - Onlyfans | C10: =IFERROR(__xludf.DUMMYFUNCTION("""COMPUTED_VALUE"""),"https://thumbcdn.com/splash/tn6rrr096hjys7ue.jpg") -> https://thumbcdn.com/splash/tn6rrr096hjys7ue.jpg | D10: Alanna Pow - 22226111 - Onlyfans.jpg | E10: =IFERROR(__xludf.DUMMYFUNCTION("""COMPUTED_VALUE"""),"OK") -> OK | G10: Alanna Pow | H10: 19034023
A11: https://thumbcdn.com/splash/hh6btwx54i0ymciq.jpg | B11: =IFERROR(__xludf.DUMMYFUNCTION("""COMPUTED_VALUE"""),"Alanna Pow - 25567227 - Onlyfans") -> Alanna Pow - 25567227 - Onlyfans | C11: =IFERROR(__xludf.DUMMYFUNCTION("""COMPUTED_VALUE"""),"https://thumbcdn.com/splash/1c0lsvl548i19fuh.jpg") -> https://thumbcdn.com/splash/1c0lsvl548i19fuh.jpg | D11: Alanna Pow - 25567227 - Onlyfans.jpg | E11: =IFERROR(__xludf.DUMMYFUNCTION("""COMPUTED_VALUE"""),"OK") -> OK | G11: Alanna Pow | H11: 22226111
B12: =IFERROR(__xludf.DUMMYFUNCTION("""COMPUTED_VALUE"""),"Alanna Pow - 26155010 - MCF") -> Alanna Pow - 26155010 - MCF | C12: =IFERROR(__xludf.DUMMYFUNCTION("""COMPUTED_VALUE"""),"https://thumbcdn.com/splash/2s7omctmqzr2jy2z.jpg") -> https://thumbcdn.com/splash/2s7omctmqzr2jy2z.jpg | D12: Alanna Pow - 26155010 - MCF.jpg | E12: =IFERROR(__xludf.DUMMYFUNCTION("""COMPUTED_VALUE"""),"OK") -> OK | G12: Alanna Pow | H12: 25567227
A13: <!-- Adriana Chechik - 69701197 - Onlyfans --> | B13: =IFERROR(__xludf.DUMMYFUNCTION("""COMPUTED_VALUE"""),"Alanna Pow - 27269863 - Onlyfans") -> Alanna Pow - 27269863 - Onlyfans | C13: =IFERROR(__xludf.DUMMYFUNCTION("""COMPUTED_VALUE"""),"https://thumbcdn.com/splash/clcooeuwlyl4pk6o.jpg") -> https://thumbcdn.com/splash/clcooeuwlyl4pk6o.jpg | D13: Alanna Pow - 27269863 - Onlyfans.jpg | E13: =IFERROR(__xludf.DUMMYFUNCTION("""COMPUTED_VALUE"""),"OK") -> OK | G13: Alanna Pow | H13: 26155010
A14: https://thumbcdn.com/splash/0n7loh0bjp11jigp.jpg | B14: =IFERROR(__xludf.DUMMYFUNCTION("""COMPUTED_VALUE"""),"Alanna Pow - 37317864 - Onlyfans") -> Alanna Pow - 37317864 - Onlyfans | C14: =IFERROR(__xludf.DUMMYFUNCTION("""COMPUTED_VALUE"""),"https://thumbcdn.com/splash/u5qduc1xza2glddt.jpg") -> https://thumbcdn.com/splash/u5qduc1xza2glddt.jpg | D14: Alanna Pow - 37317864 - Onlyfans.jpg | E14: =IFERROR(__xludf.DUMMYFUNCTION("""COMPUTED_VALUE"""),"OK") -> OK | G14: Alanna Pow | H14: 27269863
B15: =IFERROR(__xludf.DUMMYFUNCTION("""COMPUTED_VALUE"""),"Alanna Pow - 38181644 - Onlyfans") -> Alanna Pow - 38181644 - Onlyfans | C15: =IFERROR(__xludf.DUMMYFUNCTION("""COMPUTED_VALUE"""),"https://thumbcdn.com/splash/pby6fpkg6a14s1uc.jpg") -> https://thumbcdn.com/splash/pby6fpkg6a14s1uc.jpg | D15: Alanna Pow - 38181644 - Onlyfans.jpg | E15: =IFERROR(__xludf.DUMMYFUNCTION("""COMPUTED_VALUE"""),"OK") -> OK | G15: Alanna Pow | H15: 37317864
A16: <!-- Adriana Chechik - 78872640 - Onlyfans --> | B16: =IFERROR(__xludf.DUMMYFUNCTION("""COMPUTED_VALUE"""),"Alanna Pow - 38679952 - XVRED") -> Alanna Pow - 38679952 - XVRED | C16: =IFERROR(__xludf.DUMMYFUNCTION("""COMPUTED_VALUE"""),"https://thumbcdn.com/splash/9rs1zpf5n43xdwsq.jpg") -> https://thumbcdn.com/splash/9rs1zpf5n43xdwsq.jpg | D16: Alanna Pow - 38679952 - XVRED.jpg | E16: =IFERROR(__xludf.DUMMYFUNCTION("""COMPUTED_VALUE"""),"OK") -> OK | G16: Alanna Pow | H16: 38181644
A17: https://thumbcdn.com/splash/zt9i0jjrmc4bm8j1.jpg | B17: =IFERROR(__xludf.DUMMYFUNCTION("""COMPUTED_VALUE"""),"Alanna Pow - 54503023 - Onlyfans") -> Alanna Pow - 54503023 - Onlyfans | C17: =IFERROR(__xludf.DUMMYFUNCTION("""COMPUTED_VALUE"""),"https://thumbcdn.com/splash/cclwkkefdggqr6gq.jpg") -> https://thumbcdn.com/splash/cclwkkefdggqr6gq.jpg | D17: Alanna Pow - 54503023 - Onlyfans.jpg | E17: =IFERROR(__xludf.DUMMYFUNCTION("""COMPUTED_VALUE"""),"OK") -> OK | G17: Alanna Pow | H17: 38679952
B18: =IFERROR(__xludf.DUMMYFUNCTION("""COMPUTED_VALUE"""),"Alanna Pow - 54606458 - Onlyfans") -> Alanna Pow - 54606458 - Onlyfans | C18: =IFERROR(__xludf.DUMMYFUNCTION("""COMPUTED_VALUE"""),"https://thumbcdn.com/splash/tq5bah9vyi9c63em.jpg") -> https://thumbcdn.com/splash/tq5bah9vyi9c63em.jpg | D18: Alanna Pow - 54606458 - Onlyfans.jpg | E18: =IFERROR(__xludf.DUMMYFUNCTION("""COMPUTED_VALUE"""),"OK") -> OK | G18: Alanna Pow | H18: 54503023
A19: <!-- Alanna Pow - 15841633 - Onlyfans --> | B19: =IFERROR(__xludf.DUMMYFUNCTION("""COMPUTED_VALUE"""),"Alanna Pow - 62968616 - Onlyfans") -> Alanna Pow - 62968616 - Onlyfans | C19: =IFERROR(__xludf.DUMMYFUNCTION("""COMPUTED_VALUE"""),"https://thumbcdn.com/splash/vzem54fyhdljwa2c.jpg") -> https://thumbcdn.com/splash/vzem54fyhdljwa2c.jpg | D19: Alanna Pow - 62968616 - Onlyfans.jpg | E19: =IFERROR(__xludf.DUMMYFUNCTION("""COMPUTED_VALUE"""),"OK") -> OK | G19: Alanna Pow | H19: 54606458
A20: https://thumbcdn.com/splash/65k7ydc4sz0iagos.jpg | B20: =IFERROR(__xludf.DUMMYFUNCTION("""COMPUTED_VALUE"""),"Alanna Pow - 69979470 - Onlyfans") -> Alanna Pow - 69979470 - Onlyfans | C20: =IFERROR(__xludf.DUMMYFUNCTION("""COMPUTED_VALUE"""),"https://thumbcdn.com/splash/1bzsk44ytuvuunaw.jpg") -> https://thumbcdn.com/splash/1bzsk44ytuvuunaw.jpg | D20: Alanna Pow - 69979470 - Onlyfans.jpg | E20: =IFERROR(__xludf.DUMMYFUNCTION("""COMPUTED_VALUE"""),"OK") -> OK | G20: Alanna Pow | H20: 62968616
B21: =IFERROR(__xludf.DUMMYFUNCTION("""COMPUTED_VALUE"""),"Alanna Pow - 72645909 - Onlyfans") -> Alanna Pow - 72645909 - Onlyfans | C21: =IFERROR(__xludf.DUMMYFUNCTION("""COMPUTED_VALUE"""),"https://thumbcdn.com/splash/t0hywldsgdsrk74d.jpg") -> https://thumbcdn.com/splash/t0hywldsgdsrk74d.jpg | D21: Alanna Pow - 72645909 - Onlyfans.jpg | E21: =IFERROR(__xludf.DUMMYFUNCTION("""COMPUTED_VALUE"""),"OK") -> OK | G21: Alanna Pow | H21: 69979470
A22: <!-- Alanna Pow - 17563322 - Onlyfans --> | B22: =IFERROR(__xludf.DUMMYFUNCTION("""COMPUTED_VALUE"""),"Alanna Pow - 73449975 - Onlyfans") -> Alanna Pow - 73449975 - Onlyfans | C22: =IFERROR(__xludf.DUMMYFUNCTION("""COMPUTED_VALUE"""),"https://thumbcdn.com/splash/skcxf8vpx9h7fkfg.jpg") -> https://thumbcdn.com/splash/skcxf8vpx9h7fkfg.jpg | D22: Alanna Pow - 73449975 - Onlyfans.jpg | E22: =IFERROR(__xludf.DUMMYFUNCTION("""COMPUTED_VALUE"""),"OK") -> OK | G22: Alanna Pow | H22: 72645909
A23: https://thumbcdn.com/splash/bnggdihvxysua5ro.jpg | B23: =IFERROR(__xludf.DUMMYFUNCTION("""COMPUTED_VALUE"""),"Alanna Pow - 77255491 - MLRaw") -> Alanna Pow - 77255491 - MLRaw | C23: =IFERROR(__xludf.DUMMYFUNCTION("""COMPUTED_VALUE"""),"https://thumbcdn.com/splash/zq7d8ljoubv4nd16.jpg") -> https://thumbcdn.com/splash/zq7d8ljoubv4nd16.jpg | D23: Alanna Pow - 77255491 - MLRaw.jpg | E23: =IFERROR(__xludf.DUMMYFUNCTION("""COMPUTED_VALUE"""),"OK") -> OK | G23: Alanna Pow | H23: 73449975
B24: =IFERROR(__xludf.DUMMYFUNCTION("""COMPUTED_VALUE"""),"Alanna Pow - 78660470 - Onlyfans") -> Alanna Pow - 78660470 - Onlyfans | C24: =IFERROR(__xludf.DUMMYFUNCTION("""COMPUTED_VALUE"""),"https://thumbcdn.com/splash/yfattlhukc3uc7yt.jpg") -> https://thumbcdn.com/splash/yfattlhukc3uc7yt.jpg | D24: Alanna Pow - 78660470 - Onlyfans.jpg | E24: =IFERROR(__xludf.DUMMYFUNCTION("""COMPUTED_VALUE"""),"OK") -> OK | G24: Alanna Pow | H24: 77255491
A25: <!-- Alanna Pow - 19034023 - Onlyfans --> | B25: =IFERROR(__xludf.DUMMYFUNCTION("""COMPUTED_VALUE"""),"Alanna Pow - 81325680 - Onlyfans") -> Alanna Pow - 81325680 - Onlyfans | C25: =IFERROR(__xludf.DUMMYFUNCTION("""COMPUTED_VALUE"""),"https://thumbcdn.com/splash/cy07nlvkadbeg6lh.jpg") -> https://thumbcdn.com/splash/cy07nlvkadbeg6lh.jpg | D25: Alanna Pow - 81325680 - Onlyfans.jpg | E25: =IFERROR(__xludf.DUMMYFUNCTION("""COMPUTED_VALUE"""),"OK") -> OK | G25: Alanna Pow | H25: 78660470
A26: https://thumbcdn.com/splash/ulyf1nrhddqddcrh.jpg | B26: =IFERROR(__xludf.DUMMYFUNCTION("""COMPUTED_VALUE"""),"Alanna Pow - 84414746 - Onlyfans") -> Alanna Pow - 84414746 - Onlyfans | C26: =IFERROR(__xludf.DUMMYFUNCTION("""COMPUTED_VALUE"""),"https://thumbcdn.com/splash/99twg2cvfs812dui.jpg") -> https://thumbcdn.com/splash/99twg2cvfs812dui.jpg | D26: Alanna Pow - 84414746 - Onlyfans.jpg | E26: =IFERROR(__xludf.DUMMYFUNCTION("""COMPUTED_VALUE"""),"OK") -> OK | G26: Alanna Pow | H26: 81325680
B27: =IFERROR(__xludf.DUMMYFUNCTION("""COMPUTED_VALUE"""),"Alanna Pow - 86395221 - Onlyfans") -> Alanna Pow - 86395221 - Onlyfans | C27: =IFERROR(__xludf.DUMMYFUNCTION("""COMPUTED_VALUE"""),"https://thumbcdn.com/splash/uzkraixfx28fkn6x.jpg") -> https://thumbcdn.com/splash/uzkraixfx28fkn6x.jpg | D27: Alanna Pow - 86395221 - Onlyfans.jpg | E27: =IFERROR(__xludf.DUMMYFUNCTION("""COMPUTED_VALUE"""),"OK") -> OK | G27: Alanna Pow | H27: 84414746
A28: <!-- Alanna Pow - 22226111 - Onlyfans --> | B28: =IFERROR(__xludf.DUMMYFUNCTION("""COMPUTED_VALUE"""),"Alanna Pow - 87263949 - Onlyfans") -> Alanna Pow - 87263949 - Onlyfans | C28: =IFERROR(__xludf.DUMMYFUNCTION("""COMPUTED_VALUE"""),"https://thumbcdn.com/splash/tp6ipgucn0iacboh.jpg") -> https://thumbcdn.com/splash/tp6ipgucn0iacboh.jpg | D28: Alanna Pow - 87263949 - Onlyfans.jpg | E28: =IFERROR(__xludf.DUMMYFUNCTION("""COMPUTED_VALUE"""),"OK") -> OK | G28: Alanna Pow | H28: 86395221
A29: https://thumbcdn.com/splash/tn6rrr096hjys7ue.jpg | B29: =IFERROR(__xludf.DUMMYFUNCTION("""COMPUTED_VALUE"""),"Alanna Pow - 93326301 - Onlyfans") -> Alanna Pow - 93326301 - Onlyfans | C29: =IFERROR(__xludf.DUMMYFUNCTION("""COMPUTED_VALUE"""),"https://thumbcdn.com/splash/37ua8rlvso92b5ct.jpg") -> https://thumbcdn.com/splash/37ua8rlvso92b5ct.jpg | D29: Alanna Pow - 93326301 - Onlyfans.jpg | E29: =IFERROR(__xludf.DUMMYFUNCTION("""COMPUTED_VALUE"""),"OK") -> OK | G29: Alanna Pow | H29: 87263949
B30: =IFERROR(__xludf.DUMMYFUNCTION("""COMPUTED_VALUE"""),"Alexa Pearl - 98658557 - Onlyfans") -> Alexa Pearl - 98658557 - Onlyfans | C30: =IFERROR(__xludf.DUMMYFUNCTION("""COMPUTED_VALUE"""),"https://thumbcdn.com/splash/xc75ybuqdjt93l3w.jpg") -> https://thumbcdn.com/splash/xc75ybuqdjt93l3w.jpg | D30: Alexa Pearl - 98658557 - Onlyfans.jpg | E30: =IFERROR(__xludf.DUMMYFUNCTION("""COMPUTED_VALUE"""),"OK") -> OK | G30: Alanna Pow | H30: 93326301
A31: <!-- Alanna Pow - 25567227 - Onlyfans --> | B31: =IFERROR(__xludf.DUMMYFUNCTION("""COMPUTED_VALUE"""),"Alexis Fawx - 76454201 - Onlyfans") -> Alexis Fawx - 76454201 - Onlyfans | C31: =IFERROR(__xludf.DUMMYFUNCTION("""COMPUTED_VALUE"""),"https://thumbcdn.com/splash/ut2h6i6qyev32an7.jpg") -> https://thumbcdn.com/splash/ut2h6i6qyev32an7.jpg | D31: Alexis Fawx - 76454201 - Onlyfans.jpg | E31: =IFERROR(__xludf.DUMMYFUNCTION("""COMPUTED_VALUE"""),"OK") -> OK | G31: Alexa Pearl | H31: 98658557
A32: https://thumbcdn.com/splash/1c0lsvl548i19fuh.jpg | B32: =IFERROR(__xludf.DUMMYFUNCTION("""COMPUTED_VALUE"""),"Alexis Fawx - 78579747 - Onlyfans") -> Alexis Fawx - 78579747 - Onlyfans | C32: =IFERROR(__xludf.DUMMYFUNCTION("""COMPUTED_VALUE"""),"https://thumbcdn.com/splash/tdu43qsmt9mjb2ga.jpg") -> https://thumbcdn.com/splash/tdu43qsmt9mjb2ga.jpg | D32: Alexis Fawx - 78579747 - Onlyfans.jpg | E32: =IFERROR(__xludf.DUMMYFUNCTION("""COMPUTED_VALUE"""),"OK") -> OK | G32: Alexis Fawx | H32: 76454201
B33: =IFERROR(__xludf.DUMMYFUNCTION("""COMPUTED_VALUE"""),"Alexis Fawx - 87280451 - Onlyfans") -> Alexis Fawx - 87280451 - Onlyfans | C33: =IFERROR(__xludf.DUMMYFUNCTION("""COMPUTED_VALUE"""),"https://thumbcdn.com/splash/viz1u30d0y9hp73y.jpg") -> https://thumbcdn.com/splash/viz1u30d0y9hp73y.jpg | D33: Alexis Fawx - 87280451 - Onlyfans.jpg | E33: =IFERROR(__xludf.DUMMYFUNCTION("""COMPUTED_VALUE"""),"OK") -> OK | G33: Alexis Fawx | H33: 78579747
A34: <!-- Alanna Pow - 26155010 - MCF --> | B34: =IFERROR(__xludf.DUMMYFUNCTION("""COMPUTED_VALUE"""),"Alexis Texas - 55946865 - Onlyfans") -> Alexis Texas - 55946865 - Onlyfans | C34: =IFERROR(__xludf.DUMMYFUNCTION("""COMPUTED_VALUE"""),"https://thumbcdn.com/splash/msjiuzzfd7wpmzv4.jpg") -> https://thumbcdn.com/splash/msjiuzzfd7wpmzv4.jpg | D34: Alexis Texas - 55946865 - Onlyfans.jpg | E34: =IFERROR(__xludf.DUMMYFUNCTION("""COMPUTED_VALUE"""),"OK") -> OK | G34: Alexis Fawx | H34: 87280451
A35: https://thumbcdn.com/splash/2s7omctmqzr2jy2z.jpg | B35: =IFERROR(__xludf.DUMMYFUNCTION("""COMPUTED_VALUE"""),"Alexis Texas - 58344561 - Onlyfans") -> Alexis Texas - 58344561 - Onlyfans | C35: =IFERROR(__xludf.DUMMYFUNCTION("""COMPUTED_VALUE"""),"https://thumbcdn.com/splash/q49x8r4777m6qzoy.jpg") -> https://thumbcdn.com/splash/q49x8r4777m6qzoy.jpg | D35: Alexis Texas - 58344561 - Onlyfans.jpg | E35: =IFERROR(__xludf.DUMMYFUNCTION("""COMPUTED_VALUE"""),"OK") -> OK | G35: Alexis Texas | H35: 55946865
B36: =IFERROR(__xludf.DUMMYFUNCTION("""COMPUTED_VALUE"""),"Alexis Texas - 78334326 - Onlyfans - Nikki Benz") -> Alexis Texas - 78334326 - Onlyfans - Nikki Benz | C36: =IFERROR(__xludf.DUMMYFUNCTION("""COMPUTED_VALUE"""),"https://thumbcdn.com/splash/mpjshzok97fu2jfy.jpg") -> https://thumbcdn.com/splash/mpjshzok97fu2jfy.jpg | D36: Alexis Texas - 78334326 - Onlyfans - Nikki Benz.jpg | E36: =IFERROR(__xludf.DUMMYFUNCTION("""COMPUTED_VALUE"""),"OK") -> OK | G36: Alexis Texas | H36: 58344561
A37: <!-- Alanna Pow - 27269863 - Onlyfans --> | B37: =IFERROR(__xludf.DUMMYFUNCTION("""COMPUTED_VALUE"""),"Alexis Texas - 85557282 - Onlyfans") -> Alexis Texas - 85557282 - Onlyfans | C37: =IFERROR(__xludf.DUMMYFUNCTION("""COMPUTED_VALUE"""),"https://thumbcdn.com/splash/jp6ycg2g9yhcq7vo.jpg") -> https://thumbcdn.com/splash/jp6ycg2g9yhcq7vo.jpg | D37: Alexis Texas - 85557282 - Onlyfans.jpg | E37: =IFERROR(__xludf.DUMMYFUNCTION("""COMPUTED_VALUE"""),"OK") -> OK | G37: Alexis Texas | H37: 78334326
A38: https://thumbcdn.com/splash/clcooeuwlyl4pk6o.jpg | B38: =IFERROR(__xludf.DUMMYFUNCTION("""COMPUTED_VALUE"""),"Alice Bong - 80520139 - Onlyfans") -> Alice Bong - 80520139 - Onlyfans | C38: =IFERROR(__xludf.DUMMYFUNCTION("""COMPUTED_VALUE"""),"https://thumbcdn.com/splash/y73ziarlc5tkwky6.jpg") -> https://thumbcdn.com/splash/y73ziarlc5tkwky6.jpg | D38: Alice Bong - 80520139 - Onlyfans.jpg | E38: =IFERROR(__xludf.DUMMYFUNCTION("""COMPUTED_VALUE"""),"OK") -> OK | G38: Alexis Texas | H38: 85557282
B39: =IFERROR(__xludf.DUMMYFUNCTION("""COMPUTED_VALUE"""),"Alice Bong - 93984122 - Onlyfans") -> Alice Bong - 93984122 - Onlyfans | C39: =IFERROR(__xludf.DUMMYFUNCTION("""COMPUTED_VALUE"""),"https://thumbcdn.com/splash/gk36g89dux0zbtt8.jpg") -> https://thumbcdn.com/splash/gk36g89dux0zbtt8.jpg | D39: Alice Bong - 93984122 - Onlyfans.jpg | E39: =IFERROR(__xludf.DUMMYFUNCTION("""COMPUTED_VALUE"""),"OK") -> OK | G39: Alice Bong | H39: 80520139
A40: <!-- Alanna Pow - 37317864 - Onlyfans --> | B40: =IFERROR(__xludf.DUMMYFUNCTION("""COMPUTED_VALUE"""),"AlicexMaia - 10721850 - Onlyfans") -> AlicexMaia - 10721850 - Onlyfans | C40: =IFERROR(__xludf.DUMMYFUNCTION("""COMPUTED_VALUE"""),"https://thumbcdn.com/splash/hch2w5ks8h2koyji.jpg") -> https://thumbcdn.com/splash/hch2w5ks8h2koyji.jpg | D40: AlicexMaia - 10721850 - Onlyfans.jpg | E40: =IFERROR(__xludf.DUMMYFUNCTION("""COMPUTED_VALUE"""),"OK") -> OK | G40: Alice Bong | H40: 93984122
A41: https://thumbcdn.com/splash/u5qduc1xza2glddt.jpg | B41: =IFERROR(__xludf.DUMMYFUNCTION("""COMPUTED_VALUE"""),"AlicexMaia - 12079108 - Onlyfans") -> AlicexMaia - 12079108 - Onlyfans | C41: =IFERROR(__xludf.DUMMYFUNCTION("""COMPUTED_VALUE"""),"https://thumbcdn.com/splash/ik1asxc31y9hfpwq.jpg") -> https://thumbcdn.com/splash/ik1asxc31y9hfpwq.jpg | D41: AlicexMaia - 12079108 - Onlyfans.jpg | E41: =IFERROR(__xludf.DUMMYFUNCTION("""COMPUTED_VALUE"""),"OK") -> OK | G41: AlicexMaia | H41: 10721850
B42: =IFERROR(__xludf.DUMMYFUNCTION("""COMPUTED_VALUE"""),"AlicexMaia - 14731619 - Onlyfans") -> AlicexMaia - 14731619 - Onlyfans | C42: =IFERROR(__xludf.DUMMYFUNCTION("""COMPUTED_VALUE"""),"https://thumbcdn.com/splash/k4p0ca0y5sv3wwm2.jpg") -> https://thumbcdn.com/splash/k4p0ca0y5sv3wwm2.jpg | D42: AlicexMaia - 14731619 - Onlyfans.jpg | E42: =IFERROR(__xludf.DUMMYFUNCTION("""COMPUTED_VALUE"""),"OK") -> OK | G42: AlicexMaia | H42: 12079108
A43: <!-- Alanna Pow - 38181644 - Onlyfans --> | B43: =IFERROR(__xludf.DUMMYFUNCTION("""COMPUTED_VALUE"""),"AlicexMaia - 17531294 - Onlyfans") -> AlicexMaia - 17531294 - Onlyfans | C43: =IFERROR(__xludf.DUMMYFUNCTION("""COMPUTED_VALUE"""),"https://thumbcdn.com/splash/1zhkrua1cttsmy62.jpg") -> https://thumbcdn.com/splash/1zhkrua1cttsmy62.jpg | D43: AlicexMaia - 17531294 - Onlyfans.jpg | E43: =IFERROR(__xludf.DUMMYFUNCTION("""COMPUTED_VALUE"""),"OK") -> OK | G43: AlicexMaia | H43: 14731619
A44: https://thumbcdn.com/splash/pby6fpkg6a14s1uc.jpg | B44: =IFERROR(__xludf.DUMMYFUNCTION("""COMPUTED_VALUE"""),"AlicexMaia - 19457440 - Onlyfans") -> AlicexMaia - 19457440 - Onlyfans | C44: =IFERROR(__xludf.DUMMYFUNCTION("""COMPUTED_VALUE"""),"https://thumbcdn.com/splash/uwkf2v5hdwr177fj.jpg") -> https://thumbcdn.com/splash/uwkf2v5hdwr177fj.jpg | D44: AlicexMaia - 19457440 - Onlyfans.jpg | E44: =IFERROR(__xludf.DUMMYFUNCTION("""COMPUTED_VALUE"""),"OK") -> OK | G44: AlicexMaia | H44: 17531294
B45: =IFERROR(__xludf.DUMMYFUNCTION("""COMPUTED_VALUE"""),"AlicexMaia - 19553158 - Onlyfans") -> AlicexMaia - 19553158 - Onlyfans | C45: =IFERROR(__xludf.DUMMYFUNCTION("""COMPUTED_VALUE"""),"https://thumbcdn.com/splash/y23zpbl44cchimc5.jpg") -> https://thumbcdn.com/splash/y23zpbl44cchimc5.jpg | D45: AlicexMaia - 19553158 - Onlyfans.jpg | E45: =IFERROR(__xludf.DUMMYFUNCTION("""COMPUTED_VALUE"""),"OK") -> OK | G45: AlicexMaia | H45: 19457440
A46: <!-- Alanna Pow - 38679952 - XVRED --> | B46: =IFERROR(__xludf.DUMMYFUNCTION("""COMPUTED_VALUE"""),"AlicexMaia - 29448765 - Onlyfans") -> AlicexMaia - 29448765 - Onlyfans | C46: =IFERROR(__xludf.DUMMYFUNCTION("""COMPUTED_VALUE"""),"https://thumbcdn.com/splash/gewcza0o3ujd8gx3.jpg") -> https://thumbcdn.com/splash/gewcza0o3ujd8gx3.jpg | D46: AlicexMaia - 29448765 - Onlyfans.jpg | E46: =IFERROR(__xludf.DUMMYFUNCTION("""COMPUTED_VALUE"""),"OK") -> OK | G46: AlicexMaia | H46: 19553158
A47: https://thumbcdn.com/splash/9rs1zpf5n43xdwsq.jpg | B47: =IFERROR(__xludf.DUMMYFUNCTION("""COMPUTED_VALUE"""),"AlicexMaia - 42662611 - Onlyfans") -> AlicexMaia - 42662611 - Onlyfans | C47: =IFERROR(__xludf.DUMMYFUNCTION("""COMPUTED_VALUE"""),"https://thumbcdn.com/splash/sdpo7aqz7biqqzer.jpg") -> https://thumbcdn.com/splash/sdpo7aqz7biqqzer.jpg | D47: AlicexMaia - 42662611 - Onlyfans.jpg | E47: =IFERROR(__xludf.DUMMYFUNCTION("""COMPUTED_VALUE"""),"OK") -> OK | G47: AlicexMaia | H47: 29448765
B48: =IFERROR(__xludf.DUMMYFUNCTION("""COMPUTED_VALUE"""),"AlicexMaia - 45305787 - Onlyfans") -> AlicexMaia - 45305787 - Onlyfans | C48: =IFERROR(__xludf.DUMMYFUNCTION("""COMPUTED_VALUE"""),"https://thumbcdn.com/splash/vd3694b5x9jgtma7.jpg") -> https://thumbcdn.com/splash/vd3694b5x9jgtma7.jpg | D48: AlicexMaia - 45305787 - Onlyfans.jpg | E48: =IFERROR(__xludf.DUMMYFUNCTION("""COMPUTED_VALUE"""),"OK") -> OK | G48: AlicexMaia | H48: 42662611
A49: <!-- Alanna Pow - 54503023 - Onlyfans --> | B49: =IFERROR(__xludf.DUMMYFUNCTION("""COMPUTED_VALUE"""),"AlicexMaia - 49296667 - Onlyfans") -> AlicexMaia - 49296667 - Onlyfans | C49: =IFERROR(__xludf.DUMMYFUNCTION("""COMPUTED_VALUE"""),"https://thumbcdn.com/splash/3byfccyanyxacrm9.jpg") -> https://thumbcdn.com/splash/3byfccyanyxacrm9.jpg | D49: AlicexMaia - 49296667 - Onlyfans.jpg | E49: =IFERROR(__xludf.DUMMYFUNCTION("""COMPUTED_VALUE"""),"OK") -> OK | G49: AlicexMaia | H49: 45305787
A50: https://thumbcdn.com/splash/cclwkkefdggqr6gq.jpg | B50: =IFERROR(__xludf.DUMMYFUNCTION("""COMPUTED_VALUE"""),"AlicexMaia - 63578233 - Onlyfans") -> AlicexMaia - 63578233 - Onlyfans | C50: =IFERROR(__xludf.DUMMYFUNCTION("""COMPUTED_VALUE"""),"https://thumbcdn.com/splash/dlh9fwr7cu5k8wtu.jpg") -> https://thumbcdn.com/splash/dlh9fwr7cu5k8wtu.jpg | D50: AlicexMaia - 63578233 - Onlyfans.jpg | E50: =IFERROR(__xludf.DUMMYFUNCTION("""COMPUTED_VALUE"""),"OK") -> OK | G50: AlicexMaia | H50: 49296667
B51: =IFERROR(__xludf.DUMMYFUNCTION("""COMPUTED_VALUE"""),"AlicexMaia - 67191993 - Onlyfans") -> AlicexMaia - 67191993 - Onlyfans | C51: =IFERROR(__xludf.DUMMYFUNCTION("""COMPUTED_VALUE"""),"https://thumbcdn.com/splash/joxom1j0vnbdlps0.jpg") -> https://thumbcdn.com/splash/joxom1j0vnbdlps0.jpg | D51: AlicexMaia - 67191993 - Onlyfans.jpg | E51: =IFERROR(__xludf.DUMMYFUNCTION("""COMPUTED_VALUE"""),"OK") -> OK | G51: AlicexMaia | H51: 63578233
A52: <!-- Alanna Pow - 54606458 - Onlyfans --> | B52: =IFERROR(__xludf.DUMMYFUNCTION("""COMPUTED_VALUE"""),"AlicexMaia - 75717227 - Onlyfans") -> AlicexMaia - 75717227 - Onlyfans | C52: =IFERROR(__xludf.DUMMYFUNCTION("""COMPUTED_VALUE"""),"https://thumbcdn.com/splash/4231wzo2uciqp3zj.jpg") -> https://thumbcdn.com/splash/4231wzo2uciqp3zj.jpg | D52: AlicexMaia - 75717227 - Onlyfans.jpg | E52: =IFERROR(__xludf.DUMMYFUNCTION("""COMPUTED_VALUE"""),"OK") -> OK | G52: AlicexMaia | H52: 67191993
A53: https://thumbcdn.com/splash/tq5bah9vyi9c63em.jpg | B53: =IFERROR(__xludf.DUMMYFUNCTION("""COMPUTED_VALUE"""),"AlicexMaia - 78662402 - Onlyfans") -> AlicexMaia - 78662402 - Onlyfans | C53: =IFERROR(__xludf.DUMMYFUNCTION("""COMPUTED_VALUE"""),"https://thumbcdn.com/splash/kmp5i56v25irz1qe.jpg") -> https://thumbcdn.com/splash/kmp5i56v25irz1qe.jpg | D53: AlicexMaia - 78662402 - Onlyfans.jpg | E53: =IFERROR(__xludf.DUMMYFUNCTION("""COMPUTED_VALUE"""),"OK") -> OK | G53: AlicexMaia | H53: 75717227
B54: =IFERROR(__xludf.DUMMYFUNCTION("""COMPUTED_VALUE"""),"AlicexMaia - 84776312 - Onlyfans") -> AlicexMaia - 84776312 - Onlyfans | C54: =IFERROR(__xludf.DUMMYFUNCTION("""COMPUTED_VALUE"""),"https://thumbcdn.com/splash/asjvdy472gd3qjr3.jpg") -> https://thumbcdn.com/splash/asjvdy472gd3qjr3.jpg | D54: AlicexMaia - 84776312 - Onlyfans.jpg | E54: =IFERROR(__xludf.DUMMYFUNCTION("""COMPUTED_VALUE"""),"OK") -> OK | G54: AlicexMaia | H54: 78662402
A55: <!-- Alanna Pow - 62968616 - Onlyfans --> | B55: =IFERROR(__xludf.DUMMYFUNCTION("""COMPUTED_VALUE"""),"AlicexMaia - 88450355 - Onlyfans") -> AlicexMaia - 88450355 - Onlyfans | C55: =IFERROR(__xludf.DUMMYFUNCTION("""COMPUTED_VALUE"""),"https://thumbcdn.com/splash/pf1rmaxa6hqjbi4o.jpg") -> https://thumbcdn.com/splash/pf1rmaxa6hqjbi4o.jpg | D55: AlicexMaia - 88450355 - Onlyfans.jpg | E55: =IFERROR(__xludf.DUMMYFUNCTION("""COMPUTED_VALUE"""),"OK") -> OK | G55: AlicexMaia | H55: 84776312
A56: https://thumbcdn.com/splash/vzem54fyhdljwa2c.jpg | B56: =IFERROR(__xludf.DUMMYFUNCTION("""COMPUTED_VALUE"""),"AlicexMaia - 91745439 - Onlyfans") -> AlicexMaia - 91745439 - Onlyfans | C56: =IFERROR(__xludf.DUMMYFUNCTION("""COMPUTED_VALUE"""),"https://thumbcdn.com/splash/9xvqh1bvqk7ywx23.jpg") -> https://thumbcdn.com/splash/9xvqh1bvqk7ywx23.jpg | D56: AlicexMaia - 91745439 - Onlyfans.jpg | E56: =IFERROR(__xludf.DUMMYFUNCTION("""COMPUTED_VALUE"""),"OK") -> OK | G56: AlicexMaia | H56: 88450355
B57: =IFERROR(__xludf.DUMMYFUNCTION("""COMPUTED_VALUE"""),"Alina - 93433724 - BackroomCastingCouch") -> Alina - 93433724 - BackroomCastingCouch | C57: =IFERROR(__xludf.DUMMYFUNCTION("""COMPUTED_VALUE"""),"https://thumbcdn.com/splash/2j7juglp195jkvzg.jpg") -> https://thumbcdn.com/splash/2j7juglp195jkvzg.jpg | D57: Alina - 93433724 - BackroomCastingCouch.jpg | E57: =IFERROR(__xludf.DUMMYFUNCTION("""COMPUTED_VALUE"""),"OK") -> OK | G57: AlicexMaia | H57: 91745439
A58: <!-- Alanna Pow - 69979470 - Onlyfans --> | B58: =IFERROR(__xludf.DUMMYFUNCTION("""COMPUTED_VALUE"""),"Alina Lopez - 39625651 - Onlyfans - Gizelle Blanco") -> Alina Lopez - 39625651 - Onlyfans - Gizelle Blanco | C58: =IFERROR(__xludf.DUMMYFUNCTION("""COMPUTED_VALUE"""),"https://thumbcdn.com/splash/jufwwohl4j2hs1rp.jpg") -> https://thumbcdn.com/splash/jufwwohl4j2hs1rp.jpg | D58: Alina Lopez - 39625651 - Onlyfans - Gizelle Blanco.jpg | E58: =IFERROR(__xludf.DUMMYFUNCTION("""COMPUTED_VALUE"""),"OK") -> OK | G58: Alina | H58: 93433724
A59: https://thumbcdn.com/splash/1bzsk44ytuvuunaw.jpg | B59: =IFERROR(__xludf.DUMMYFUNCTION("""COMPUTED_VALUE"""),"Amy Rose - 11992120 - Onlyfans") -> Amy Rose - 11992120 - Onlyfans | C59: =IFERROR(__xludf.DUMMYFUNCTION("""COMPUTED_VALUE"""),"https://thumbcdn.com/splash/57056jca2rz1fx57.jpg") -> https://thumbcdn.com/splash/57056jca2rz1fx57.jpg | D59: Amy Rose - 11992120 - Onlyfans.jpg | E59: =IFERROR(__xludf.DUMMYFUNCTION("""COMPUTED_VALUE"""),"OK") -> OK | G59: Alina Lopez | H59: 39625651
B60: =IFERROR(__xludf.DUMMYFUNCTION("""COMPUTED_VALUE"""),"Amy Rose - 15675021 - Onlyfans") -> Amy Rose - 15675021 - Onlyfans | C60: =IFERROR(__xludf.DUMMYFUNCTION("""COMPUTED_VALUE"""),"https://thumbcdn.com/splash/nhr78zdqew9xjg45.jpg") -> https://thumbcdn.com/splash/nhr78zdqew9xjg45.jpg | D60: Amy Rose - 15675021 - Onlyfans.jpg | E60: =IFERROR(__xludf.DUMMYFUNCTION("""COMPUTED_VALUE"""),"OK") -> OK | G60: Amy Rose | H60: 11992120
A61: <!-- Alanna Pow - 72645909 - Onlyfans --> | B61: =IFERROR(__xludf.DUMMYFUNCTION("""COMPUTED_VALUE"""),"Amy Rose - 31711047 - Onlyfans") -> Amy Rose - 31711047 - Onlyfans | C61: =IFERROR(__xludf.DUMMYFUNCTION("""COMPUTED_VALUE"""),"https://thumbcdn.com/splash/txcngakwdhrw43d2.jpg") -> https://thumbcdn.com/splash/txcngakwdhrw43d2.jpg | D61: Amy Rose - 31711047 - Onlyfans.jpg | E61: =IFERROR(__xludf.DUMMYFUNCTION("""COMPUTED_VALUE"""),"OK") -> OK | G61: Amy Rose | H61: 15675021
A62: https://thumbcdn.com/splash/t0hywldsgdsrk74d.jpg | B62: =IFERROR(__xludf.DUMMYFUNCTION("""COMPUTED_VALUE"""),"Amy Rose - 34061424 - Onlyfans") -> Amy Rose - 34061424 - Onlyfans | C62: =IFERROR(__xludf.DUMMYFUNCTION("""COMPUTED_VALUE"""),"https://thumbcdn.com/splash/0h3oc1h9u3z7v3j0.jpg") -> https://thumbcdn.com/splash/0h3oc1h9u3z7v3j0.jpg | D62: Amy Rose - 34061424 - Onlyfans.jpg | E62: =IFERROR(__xludf.DUMMYFUNCTION("""COMPUTED_VALUE"""),"OK") -> OK | G62: Amy Rose | H62: 31711047
B63: =IFERROR(__xludf.DUMMYFUNCTION("""COMPUTED_VALUE"""),"Amy Rose - 42163415 - Onlyfans") -> Amy Rose - 42163415 - Onlyfans | C63: =IFERROR(__xludf.DUMMYFUNCTION("""COMPUTED_VALUE"""),"https://thumbcdn.com/splash/sxmikwy1tqlwz7ib.jpg") -> https://thumbcdn.com/splash/sxmikwy1tqlwz7ib.jpg | D63: Amy Rose - 42163415 - Onlyfans.jpg | E63: =IFERROR(__xludf.DUMMYFUNCTION("""COMPUTED_VALUE"""),"OK") -> OK | G63: Amy Rose | H63: 34061424
A64: <!-- Alanna Pow - 73449975 - Onlyfans --> | B64: =IFERROR(__xludf.DUMMYFUNCTION("""COMPUTED_VALUE"""),"Amy Rose - 46469035 - Onlyfans") -> Amy Rose - 46469035 - Onlyfans | C64: =IFERROR(__xludf.DUMMYFUNCTION("""COMPUTED_VALUE"""),"https://thumbcdn.com/splash/st5xhfgjh22vdpjr.jpg") -> https://thumbcdn.com/splash/st5xhfgjh22vdpjr.jpg | D64: Amy Rose - 46469035 - Onlyfans.jpg | E64: =IFERROR(__xludf.DUMMYFUNCTION("""COMPUTED_VALUE"""),"OK") -> OK | G64: Amy Rose | H64: 42163415
A65: https://thumbcdn.com/splash/skcxf8vpx9h7fkfg.jpg | B65: =IFERROR(__xludf.DUMMYFUNCTION("""COMPUTED_VALUE"""),"Amy Rose - 51937780 - Onlyfans") -> Amy Rose - 51937780 - Onlyfans | C65: =IFERROR(__xludf.DUMMYFUNCTION("""COMPUTED_VALUE"""),"https://thumbcdn.com/splash/7lcdbbq6koc4ljhf.jpg") -> https://thumbcdn.com/splash/7lcdbbq6koc4ljhf.jpg | D65: Amy Rose - 51937780 - Onlyfans.jpg | E65: =IFERROR(__xludf.DUMMYFUNCTION("""COMPUTED_VALUE"""),"OK") -> OK | G65: Amy Rose | H65: 46469035
B66: =IFERROR(__xludf.DUMMYFUNCTION("""COMPUTED_VALUE"""),"Amy Rose - 61578433 - Onlyfans") -> Amy Rose - 61578433 - Onlyfans | C66: =IFERROR(__xludf.DUMMYFUNCTION("""COMPUTED_VALUE"""),"https://thumbcdn.com/splash/4fr90ak8qkyiobbe.jpg") -> https://thumbcdn.com/splash/4fr90ak8qkyiobbe.jpg | D66: Amy Rose - 61578433 - Onlyfans.jpg | E66: =IFERROR(__xludf.DUMMYFUNCTION("""COMPUTED_VALUE"""),"OK") -> OK | G66: Amy Rose | H66: 51937780
A67: <!-- Alanna Pow - 77255491 - MLRaw --> | B67: =IFERROR(__xludf.DUMMYFUNCTION("""COMPUTED_VALUE"""),"Amy Rose - 61767415 - Onlyfans") -> Amy Rose - 61767415 - Onlyfans | C67: =IFERROR(__xludf.DUMMYFUNCTION("""COMPUTED_VALUE"""),"https://thumbcdn.com/splash/bp7xh3ve2kyf7ecl.jpg") -> https://thumbcdn.com/splash/bp7xh3ve2kyf7ecl.jpg | D67: Amy Rose - 61767415 - Onlyfans.jpg | E67: =IFERROR(__xludf.DUMMYFUNCTION("""COMPUTED_VALUE"""),"OK") -> OK | G67: Amy Rose | H67: 61578433
A68: https://thumbcdn.com/splash/zq7d8ljoubv4nd16.jpg | B68: =IFERROR(__xludf.DUMMYFUNCTION("""COMPUTED_VALUE"""),"Amy Rose - 67576256 - Onlyfans") -> Amy Rose - 67576256 - Onlyfans | C68: =IFERROR(__xludf.DUMMYFUNCTION("""COMPUTED_VALUE"""),"https://thumbcdn.com/splash/c7vror99hzdidkjq.jpg") -> https://thumbcdn.com/splash/c7vror99hzdidkjq.jpg | D68: Amy Rose - 67576256 - Onlyfans.jpg | E68: =IFERROR(__xludf.DUMMYFUNCTION("""COMPUTED_VALUE"""),"OK") -> OK | G68: Amy Rose | H68: 61767415
B69: =IFERROR(__xludf.DUMMYFUNCTION("""COMPUTED_VALUE"""),"Amy Rose - 76271177 - Onlyfans") -> Amy Rose - 76271177 - Onlyfans | C69: =IFERROR(__xludf.DUMMYFUNCTION("""COMPUTED_VALUE"""),"https://thumbcdn.com/splash/b9pseadi8ge0ejon.jpg") -> https://thumbcdn.com/splash/b9pseadi8ge0ejon.jpg | D69: Amy Rose - 76271177 - Onlyfans.jpg | E69: =IFERROR(__xludf.DUMMYFUNCTION("""COMPUTED_VALUE"""),"OK") -> OK | G69: Amy Rose | H69: 67576256
A70: <!-- Alanna Pow - 78660470 - Onlyfans --> | B70: =IFERROR(__xludf.DUMMYFUNCTION("""COMPUTED_VALUE"""),"Amy Rose - 93974731 - Onlyfans") -> Amy Rose - 93974731 - Onlyfans | C70: =IFERROR(__xludf.DUMMYFUNCTION("""COMPUTED_VALUE"""),"https://thumbcdn.com/splash/6l33pr5w6o5f46yx.jpg") -> https://thumbcdn.com/splash/6l33pr5w6o5f46yx.jpg | D70: Amy Rose - 93974731 - Onlyfans.jpg | E70: =IFERROR(__xludf.DUMMYFUNCTION("""COMPUTED_VALUE"""),"OK") -> OK | G70: Amy Rose | H70: 76271177
A71: https://thumbcdn.com/splash/yfattlhukc3uc7yt.jpg | B71: =IFERROR(__xludf.DUMMYFUNCTION("""COMPUTED_VALUE"""),"Angel Youngs - 10017287 - Onlyfans - Gabby Stone") -> Angel Youngs - 10017287 - Onlyfans - Gabby Stone | C71: =IFERROR(__xludf.DUMMYFUNCTION("""COMPUTED_VALUE"""),"https://thumbcdn.com/splash/8w6op1udrj25btjg.jpg") -> https://thumbcdn.com/splash/8w6op1udrj25btjg.jpg | D71: Angel Youngs - 10017287 - Onlyfans - Gabby Stone.jpg | E71: =IFERROR(__xludf.DUMMYFUNCTION("""COMPUTED_VALUE"""),"OK") -> OK | G71: Amy Rose | H71: 93974731
B72: =IFERROR(__xludf.DUMMYFUNCTION("""COMPUTED_VALUE"""),"Angel Youngs - 14830070 - Onlyfans") -> Angel Youngs - 14830070 - Onlyfans | C72: =IFERROR(__xludf.DUMMYFUNCTION("""COMPUTED_VALUE"""),"https://thumbcdn.com/splash/2wos8pvxuf5vq6vf.jpg") -> https://thumbcdn.com/splash/2wos8pvxuf5vq6vf.jpg | D72: Angel Youngs - 14830070 - Onlyfans.jpg | E72: =IFERROR(__xludf.DUMMYFUNCTION("""COMPUTED_VALUE"""),"OK") -> OK | G72: Angel Youngs | H72: 10017287
A73: <!-- Alanna Pow - 81325680 - Onlyfans --> | B73: =IFERROR(__xludf.DUMMYFUNCTION("""COMPUTED_VALUE"""),"Angel Youngs - 19396508 - Onlyfans - Victoria Peach") -> Angel Youngs - 19396508 - Onlyfans - Victoria Peach | C73: =IFERROR(__xludf.DUMMYFUNCTION("""COMPUTED_VALUE"""),"https://thumbcdn.com/splash/48hnvr8i3pmgpw53.jpg") -> https://thumbcdn.com/splash/48hnvr8i3pmgpw53.jpg | D73: Angel Youngs - 19396508 - Onlyfans - Victoria Peach.jpg | E73: =IFERROR(__xludf.DUMMYFUNCTION("""COMPUTED_VALUE"""),"OK") -> OK | G73: Angel Youngs | H73: 14830070
A74: https://thumbcdn.com/splash/cy07nlvkadbeg6lh.jpg | B74: =IFERROR(__xludf.DUMMYFUNCTION("""COMPUTED_VALUE"""),"Angel Youngs - 24858157 - Onlyfans") -> Angel Youngs - 24858157 - Onlyfans | C74: =IFERROR(__xludf.DUMMYFUNCTION("""COMPUTED_VALUE"""),"https://thumbcdn.com/splash/t726cb1yg1v2ov1v.jpg") -> https://thumbcdn.com/splash/t726cb1yg1v2ov1v.jpg | D74: Angel Youngs - 24858157 - Onlyfans.jpg | E74: =IFERROR(__xludf.DUMMYFUNCTION("""COMPUTED_VALUE"""),"OK") -> OK | G74: Angel Youngs | H74: 19396508
B75: =IFERROR(__xludf.DUMMYFUNCTION("""COMPUTED_VALUE"""),"Angel Youngs - 35043183 - Onlyfans") -> Angel Youngs - 35043183 - Onlyfans | C75: =IFERROR(__xludf.DUMMYFUNCTION("""COMPUTED_VALUE"""),"https://thumbcdn.com/splash/db9d8827vw1pd87z.jpg") -> https://thumbcdn.com/splash/db9d8827vw1pd87z.jpg | D75: Angel Youngs - 35043183 - Onlyfans.jpg | E75: =IFERROR(__xludf.DUMMYFUNCTION("""COMPUTED_VALUE"""),"OK") -> OK | G75: Angel Youngs | H75: 24858157
A76: <!-- Alanna Pow - 84414746 - Onlyfans --> | B76: =IFERROR(__xludf.DUMMYFUNCTION("""COMPUTED_VALUE"""),"Angel Youngs - 42346078 - Blacked") -> Angel Youngs - 42346078 - Blacked | C76: =IFERROR(__xludf.DUMMYFUNCTION("""COMPUTED_VALUE"""),"https://thumbcdn.com/splash/nqc8dqixeur4i3t6.jpg") -> https://thumbcdn.com/splash/nqc8dqixeur4i3t6.jpg | D76: Angel Youngs - 42346078 - Blacked.jpg | E76: =IFERROR(__xludf.DUMMYFUNCTION("""COMPUTED_VALUE"""),"OK") -> OK | G76: Angel Youngs | H76: 35043183
A77: https://thumbcdn.com/splash/99twg2cvfs812dui.jpg | B77: =IFERROR(__xludf.DUMMYFUNCTION("""COMPUTED_VALUE"""),"Angel Youngs - 43443695 - XVRED - Katrina Colt") -> Angel Youngs - 43443695 - XVRED - Katrina Colt | C77: =IFERROR(__xludf.DUMMYFUNCTION("""COMPUTED_VALUE"""),"https://thumbcdn.com/splash/7e8932nvi3iu306z.jpg") -> https://thumbcdn.com/splash/7e8932nvi3iu306z.jpg | D77: Angel Youngs - 43443695 - XVRED - Katrina Colt.jpg | E77: =IFERROR(__xludf.DUMMYFUNCTION("""COMPUTED_VALUE"""),"OK") -> OK | G77: Angel Youngs | H77: 42346078
B78: =IFERROR(__xludf.DUMMYFUNCTION("""COMPUTED_VALUE"""),"Angel Youngs - 54216002 - Onlyfans - Angela White") -> Angel Youngs - 54216002 - Onlyfans - Angela White | C78: =IFERROR(__xludf.DUMMYFUNCTION("""COMPUTED_VALUE"""),"https://thumbcdn.com/splash/utuss0vsednzmnfb.jpg") -> https://thumbcdn.com/splash/utuss0vsednzmnfb.jpg | D78: Angel Youngs - 54216002 - Onlyfans - Angela White.jpg | E78: =IFERROR(__xludf.DUMMYFUNCTION("""COMPUTED_VALUE"""),"OK") -> OK | G78: Angel Youngs | H78: 43443695
A79: <!-- Alanna Pow - 86395221 - Onlyfans --> | B79: =IFERROR(__xludf.DUMMYFUNCTION("""COMPUTED_VALUE"""),"Angel Youngs - 78515446 - Onlyfans - Angela White") -> Angel Youngs - 78515446 - Onlyfans - Angela White | C79: =IFERROR(__xludf.DUMMYFUNCTION("""COMPUTED_VALUE"""),"https://thumbcdn.com/splash/vytx6v2zv2vv3jh7.jpg") -> https://thumbcdn.com/splash/vytx6v2zv2vv3jh7.jpg | D79: Angel Youngs - 78515446 - Onlyfans - Angela White.jpg | E79: =IFERROR(__xludf.DUMMYFUNCTION("""COMPUTED_VALUE"""),"OK") -> OK | G79: Angel Youngs | H79: 54216002
A80: https://thumbcdn.com/splash/uzkraixfx28fkn6x.jpg | B80: =IFERROR(__xludf.DUMMYFUNCTION("""COMPUTED_VALUE"""),"Angel Youngs - 89644494 - Onlyfans") -> Angel Youngs - 89644494 - Onlyfans | C80: =IFERROR(__xludf.DUMMYFUNCTION("""COMPUTED_VALUE"""),"https://thumbcdn.com/splash/ungzdigm0e5lezck.jpg") -> https://thumbcdn.com/splash/ungzdigm0e5lezck.jpg | D80: Angel Youngs - 89644494 - Onlyfans.jpg | E80: =IFERROR(__xludf.DUMMYFUNCTION("""COMPUTED_VALUE"""),"OK") -> OK | G80: Angel Youngs | H80: 78515446
B81: =IFERROR(__xludf.DUMMYFUNCTION("""COMPUTED_VALUE"""),"Angel Youngs - 94892923 - Onlyfans") -> Angel Youngs - 94892923 - Onlyfans | C81: =IFERROR(__xludf.DUMMYFUNCTION("""COMPUTED_VALUE"""),"https://thumbcdn.com/splash/xu9409plgzngovvn.jpg") -> https://thumbcdn.com/splash/xu9409plgzngovvn.jpg | D81: Angel Youngs - 94892923 - Onlyfans.jpg | E81: =IFERROR(__xludf.DUMMYFUNCTION("""COMPUTED_VALUE"""),"OK") -> OK | G81: Angel Youngs | H81: 89644494
A82: <!-- Alanna Pow - 87263949 - Onlyfans --> | B82: =IFERROR(__xludf.DUMMYFUNCTION("""COMPUTED_VALUE"""),"Angel Youngs - 95299695 - Onlyfans - Angela White") -> Angel Youngs - 95299695 - Onlyfans - Angela White | C82: =IFERROR(__xludf.DUMMYFUNCTION("""COMPUTED_VALUE"""),"https://thumbcdn.com/splash/14cxzrasoblnkk6j.jpg") -> https://thumbcdn.com/splash/14cxzrasoblnkk6j.jpg | D82: Angel Youngs - 95299695 - Onlyfans - Angela White.jpg | E82: =IFERROR(__xludf.DUMMYFUNCTION("""COMPUTED_VALUE"""),"OK") -> OK | G82: Angel Youngs | H82: 94892923
A83: https://thumbcdn.com/splash/tp6ipgucn0iacboh.jpg | B83: =IFERROR(__xludf.DUMMYFUNCTION("""COMPUTED_VALUE"""),"Angel Youngs - 99101023 - Onlyfans") -> Angel Youngs - 99101023 - Onlyfans | C83: =IFERROR(__xludf.DUMMYFUNCTION("""COMPUTED_VALUE"""),"https://thumbcdn.com/splash/zb3rwjhbbnj55igw.jpg") -> https://thumbcdn.com/splash/zb3rwjhbbnj55igw.jpg | D83: Angel Youngs - 99101023 - Onlyfans.jpg | E83: =IFERROR(__xludf.DUMMYFUNCTION("""COMPUTED_VALUE"""),"OK") -> OK | G83: Angel Youngs | H83: 95299695
B84: =IFERROR(__xludf.DUMMYFUNCTION("""COMPUTED_VALUE"""),"Angela White - 12494438 - Onlyfans - VIolet Myers") -> Angela White - 12494438 - Onlyfans - VIolet Myers | C84: =IFERROR(__xludf.DUMMYFUNCTION("""COMPUTED_VALUE"""),"https://thumbcdn.com/splash/ixabflwrseb9eswg.jpg") -> https://thumbcdn.com/splash/ixabflwrseb9eswg.jpg | D84: Angela White - 12494438 - Onlyfans - Violet Myers.jpg | E84: =IFERROR(__xludf.DUMMYFUNCTION("""COMPUTED_VALUE"""),"OK") -> OK | G84: Angel Youngs | H84: 99101023
